Property_Type,BHK,Location,Area,Status,Furnishing,Facing,Transaction,Price_Per_Sqft,Current_Floor,Total_Floors,Total_Price
Flat,4,Kondapur,2306,Poss. by Mar '27,Unfurnished,East,New Property,8500,29,47,19601000
Flat,3,Patancheruvu,1655,Ready to Move,Unfurnished,East,New Property,5500,5,10,9102500
Flat,3,Jubilee Hills,1850,Ready to Move,Unfurnished,North,New Property,9302,18,23,17208700
Flat,3,Kokapet,1128,Ready to Move,Unfurnished,East,New Property,12000,20,40,13536000
Flat,3,Miyapur,1494,Ready to Move,Unfurnished,East,New Property,4999,4,5,7468506
Flat,4,Hitech City,3090,Ready to Move,Semi-Furnished,West,Resale,16181,16,18,49999290
Flat,2,Tellapur,1350,Ready to Move,Unfurnished,West,New Property,7274,6,9,9819900
Flat,2,Gachibowli,1115,Ready to Move,Semi-Furnished,East,Resale,11749,15,17,13100135
Flat,3,Osman Nagar,1600,Poss. by Jan '30,Unfurnished,East,New Property,7200,5,13,11520000
Villa,4,Kompally,3800,Poss. by Dec '28,Unfurnished,East,New Property,7996,,,30384800
Flat,3,Manikonda Jagir,2081,Ready to Move,Unfurnished,Unknown,New Property,10956,,,22799436
Flat,3,Nalagandla,2878,Poss. by Aug '28,Unfurnished,Unknown,New Property,11002,,,31663756
Flat,4,Kokapet,3465,Poss. by Dec '28,Unfurnished,Unknown,New Property,11106,,,38482290
Flat,3,Kollur,2100,Poss. by Dec '26,Unfurnished,Unknown,New Property,6999,,,14697900
Flat,3,Nizampet,1565,Poss. by Dec '26,Semi-Furnished,Unknown,New Property,6800,,,10642000
Villa,4,Gagillapur,4566,Ready to Move,Unfurnished,Unknown,New Property,7200,,,32875200
Flat,3,Nalagandla,1690,Poss. by Aug '28,Unfurnished,Unknown,New Property,8477,,,14326130
Flat,3,Kollur,2314,Poss. by Jan '33,Unfurnished,Unknown,New Property,7519,,,17398966
Flat,3,Patancheruvu,1972,Poss. by Dec '26,Unfurnished,Unknown,New Property,5375,,,10599500
Villa,4,Kandi,2400,Poss. by Oct '26,Unfurnished,East,New Property,5500,,,13200000
Flat,3,Kompally,1430,Ready to Move,Unfurnished,East,New Property,6500,5,12,9295000
Flat,3,Lingampally,1719,Poss. by Dec '26,Unfurnished,West,New Property,8199,28,28,14094081
Flat,4,Gachibowli,6666,Ready to Move,Semi-Furnished,East,New Property,18002,10,30,120001332
Flat,3,Miyapur,2300,Poss. by Dec '30,Unfurnished,West,New Property,8019,20,52,18443700
Villa,3,Nagarjuna Sagar Road,2200,Ready to Move,Unfurnished,East,New Property,5500,,,12100000
Villa,4,Shamirpet,3140,Poss. by Sep '27,Semi-Furnished,West,New Property,9381,,,29456340
Flat,3,Nalagandla,1600,Poss. by Dec '26,Unfurnished,East,New Property,7199,4,6,11518400
Flat,3,Agricultural Research Institute Quarters,2785,Poss. by Jul '30,Unfurnished,Unknown,New Property,7999,1,1,22277215
Flat,3,Gopanpally,1719,Ready to Move,Unfurnished,Unknown,New Property,8399,28,28,14437881
Apartment,3,Brahman Wadi Begumpet,1920,Poss. by Dec '28,Unfurnished,East,New Property,8999,2,12,17278080
Apartment,2,Gundlapochampally,841,Ready to Move,Unfurnished,West,New Property,5999,1,1,5045159
Apartment,3,Manikonda Jagir,2120,Poss. by Dec '27,Unfurnished,Unknown,New Property,10896,,,23099520
Villa,4,Medchal,5327,Poss. by Dec '26,Unfurnished,Unknown,New Property,11376,,,60599952
Apartment,4,Kukatpally,3805,Poss. by May '30,Unfurnished,Unknown,New Property,8599,,,32719195
Apartment,3,Kokapet,2909,Poss. by Aug '30,Unfurnished,Unknown,New Property,10000,,,29090000
Apartment,3,Isnapur,1155,Poss. by Jul '30,Unfurnished,Unknown,New Property,4599,,,5311845
Apartment,3,Satamrai,3260,Poss. by Dec '27,Unfurnished,Unknown,New Property,5577,,,18181020
Apartment,4,Rajendranagar Mandal,3431,Poss. by Oct '28,Unfurnished,Unknown,New Property,8598,,,29499738
Apartment,4,Nanakaramguda,5992,Poss. by Dec '29,Unfurnished,Unknown,New Property,10999,,,65906008
Apartment,3,Sainikpuri,2140,Ready to Move,Unfurnished,Unknown,New Property,7363,,,15756820
Apartment,3,Saidabad,1702,Ready to Move,Unfurnished,Unknown,New Property,6900,,,11743800
Apartment,3,Nalagandla,2119,Poss. by Dec '28,Unfurnished,Unknown,New Property,8164,,,17299516
Apartment,3,Kokapet,2350,Poss. by Mar '28,Unfurnished,Unknown,New Property,9490,,,22301500
Apartment,3,Patancheruvu,1550,Ready to Move,Unfurnished,Unknown,New Property,5200,,,8060000
Apartment,3,Pragathi Nagar,1960,Ready to Move,Unfurnished,Unknown,New Property,5800,,,11368000
Apartment,2,Kollur,1400,Poss. by Aug '26,Unfurnished,Unknown,New Property,6666,,,9332400
Apartment,3,Gajularamaram,1308,Poss. by Jun '27,Unfurnished,Unknown,New Property,5650,,,7390200
Villa,5,Attapur,6093,Poss. by Dec '26,Unfurnished,Unknown,New Property,12500,,,76162500
Apartment,3,Gandi Maisamma,1720,Poss. by Dec '26,Unfurnished,Unknown,New Property,5399,,,9286280
Apartment,3,Tellapur,2555,Poss. by Aug '30,Unfurnished,Unknown,New Property,7499,,,19159945
Apartment,3,Dulapally,2235,Poss. by Mar '28,Unfurnished,Unknown,New Property,6199,,,13854765
Apartment,3,Neknampur,2215,Ready to Move,Unfurnished,Unknown,New Property,8835,,,19569525
Villa,4,Narsingi,4822,Poss. by Sep '27,Unfurnished,Unknown,New Property,26006,,,125400932
Apartment,3,Nalagandla,1935,Poss. by Oct '26,Unfurnished,Unknown,New Property,8499,,,16445565
Apartment,2,Kollur,1430,Poss. by Dec '26,Unfurnished,Unknown,New Property,6999,,,10008570
Apartment,3,Chanda Nagar,1775,Poss. by Jan '27,Unfurnished,Unknown,New Property,6999,,,12423225
Apartment,3,Kokapet,2560,Poss. by Mar '30,Unfurnished,Unknown,New Property,10999,,,28157440
Apartment,3,Tellapur,2189,Ready to Move,Unfurnished,Unknown,New Property,7300,,,15979700
Apartment,3,Kollur,1839,Poss. by Sep '30,Unfurnished,Unknown,New Property,6199,,,11399961
Apartment,3,Kokapet,1917,Poss. by Jul '31,Unfurnished,Unknown,New Property,6000,,,11502000
Apartment,3,Narsingi,2100,Poss. by Nov '29,Unfurnished,Unknown,New Property,9476,,,19899600
Apartment,4,Rajendranagar Mandal,3571,Unknown,Unfurnished,Unknown,New Property,8372,,,29896412
Apartment,4,Kukatpally,3254,Poss. by Jun '31,Unfurnished,Unknown,New Property,13800,,,44905200
Villa,4,Medchal,4591,Poss. by Dec '26,Unfurnished,Unknown,New Property,10891,,,50000581
Apartment,4,Madeenaguda,3270,Poss. by Jun '29,Unfurnished,Unknown,New Property,10500,,,34335000
Apartment,3,Puppalguda,1715,Poss. by Dec '29,Unfurnished,Unknown,New Property,9010,,,15452150
Villa,4,Mokila,3200,Poss. by Dec '28,Unfurnished,Unknown,New Property,9334,,,29868800
Builder Floor,4,Neopolis,3220,Poss. by Jul '30,Unfurnished,Unknown,New Property,10870,,,35001400
Villa,4,Velmala,5200,Poss. by Jun '27,Unfurnished,Unknown,New Property,11000,,,57200000
Apartment,2,Manikonda Jagir,1380,Poss. by Jul '27,Unfurnished,Unknown,New Property,9200,,,12696000
Villa,3,Suchitra,3100,Poss. by Jun '27,Unfurnished,East,New Property,7500,,,23250000
Apartment,5,Kokapet,5218,Poss. by Jan '28,Unfurnished,Unknown,New Property,14260,,,74408680
Apartment,3,Nizampet,1930,Poss. by Nov '26,Unfurnished,Unknown,New Property,7800,,,15054000
Apartment,4,Shilpa Hills,2964,Poss. by Dec '26,Furnished,East,New Property,14000,4,27,41496000
Apartment,2,Nagole,950,Poss. by Dec '27,Unfurnished,East,New Property,4999,1,5,4749050
Villa,4,Kismatpur,4585,Poss. by Dec '28,Unfurnished,Unknown,New Property,15005,,,68797925
Apartment,2,Tellapur,1355,Poss. by Oct '26,Unfurnished,West,Resale,11808,15,39,15999840
Apartment,3,Tellapur,1258,Poss. by Mar '31,Unfurnished,East,New Property,7520,25,52,9460160
Apartment,3,Sai Nagar Komapally,1845,Poss. by Jun '27,Unfurnished,East,New Property,7730,3,10,14261850
Apartment,2,Manchirevula,1295,Poss. by Oct '28,Unfurnished,West,New Property,7000,6,10,9065000
Villa,5,Adarsh Nagar Colony Nagole,3500,Ready to Move,Semi-Furnished,East,Resale,11429,,,40001500
Apartment,3,Kondapur,1921,Ready to Move,Unfurnished,East,New Property,8896,12,22,17089216
Apartment,3,Budwel,1594,Poss. by Mar '30,Unfurnished,East,New Property,8600,10,34,13708400
Apartment,3,Phase 1 KPHB,2400,Ready to Move,Unfurnished,East,New Property,8221,1,40,19730400
Apartment,2,Narsingi,959,Ready to Move,Unfurnished,North - East,Resale,11825,20,40,11340175
Apartment,3,Ameenpur,779,Ready to Move,Unfurnished,East,New Property,8181,5,12,6372999
Villa,4,Cherlapalli,2674,Ready to Move,Unfurnished,Unknown,New Property,7614,,,20359836
Apartment,3,Tellapur,1930,Poss. by Jan '30,Unfurnished,Unknown,New Property,6249,,,12060570
Apartment,3,Yapral,1450,Ready to Move,Unfurnished,Unknown,New Property,5000,,,7250000
Apartment,3,Kukatpally,2480,Poss. by Feb '30,Unfurnished,Unknown,New Property,8923,,,22129040
Apartment,3,Dollar Hills,1376,Poss. by Nov '26,Unfurnished,East,New Property,6200,3,5,8531200
Apartment,4,Shaikpet,5216,Ready to Move,Unfurnished,West,Resale,15721,21,35,82000736
Villa,4,Gandipet,6666,Ready to Move,Semi-Furnished,North - East,New Property,21002,,,139999332
Apartment,3,Kollur,1287,Poss. by Dec '28,Unfurnished,North - East,New Property,9700,8,15,12483900
Apartment,2,Osman Nagar,1420,Poss. by Jun '29,Unfurnished,East,New Property,7500,11,28,10650000
Apartment,4,Financial District,4750,Ready to Move,Semi-Furnished,North,Resale,14863,6,45,70599250
Villa,6,MLA Colony Banjara Hills,7000,Ready to Move,Furnished,South,Resale,23571,,,164997000
Villa,5,Kismatpur,4687,Ready to Move,Unfurnished,East,New Property,15788,,,73998356
Villa,5,Kondapur,5850,Ready to Move,Semi-Furnished,East,Resale,28842,,,168725700
Apartment,3,Kokapet,2124,Ready to Move,Unfurnished,West,New Property,13606,19,38,28899144
Apartment,2,Puppalguda,914,Ready to Move,Semi-Furnished,East,Resale,13250,21,34,12110500
Apartment,2,Block C Sri Ramnagar,1457,Ready to Move,Semi-Furnished,West,Resale,9609,3,22,14000313
Apartment,4,Kokapet,3734,Poss. by Feb '30,Unfurnished,Unknown,New Property,12999,,,48538266
House,7,Warasiguda,2570,Ready to Move,Unfurnished,West,Resale,9251,,,23775070
Apartment,3,Tarnaka,1550,Poss. by Oct '26,Unfurnished,West,New Property,5155,3,5,7990250
Apartment,3,Gangaram Chanda Nagar,1320,Poss. by Dec '26,Unfurnished,East,New Property,7350,6,12,9702000
Apartment,3,Narsingi,2660,Unknown,Unfurnished,Unknown,New Property,11021,,,29315860
Villa,3,Ankushapur,1680,Poss. by Aug '27,Unfurnished,Unknown,New Property,6875,,,11550000
Apartment,4,Kokapet,4115,Poss. by Jan '28,Unfurnished,Unknown,New Property,11744,,,48326560
Villa,5,Mokila,8304,Poss. by Jul '30,Unfurnished,Unknown,New Property,17000,,,141168000
Apartment,3,Tellapur,2180,Poss. by Jan '28,Unfurnished,Unknown,New Property,9233,,,20127940
Apartment,4,Manchirevula,5725,Poss. by Nov '28,Unfurnished,Unknown,New Property,9199,,,52664275
Apartment,4,Attapur,5345,Unknown,Unfurnished,Unknown,New Property,8750,,,46768750
Apartment,3,Gundlapochampally,1600,Poss. by Dec '27,Unfurnished,Unknown,New Property,4500,,,7200000
Apartment,3,Kapra,1770,Unknown,Unfurnished,Unknown,New Property,5400,,,9558000
Apartment,3,Chanda Nagar,2600,Poss. by Aug '28,Unfurnished,Unknown,New Property,6999,,,18197400
Apartment,4,Neopolis,4565,Poss. by Jul '30,Unfurnished,Unknown,New Property,9331,,,42596015
Apartment,2,Jeedimetla,1480,Unknown,Unfurnished,Unknown,New Property,5900,,,8732000
Apartment,4,Gaganpahad,3370,Poss. by Jul '30,Unfurnished,Unknown,New Property,8199,,,27630630
Apartment,3,Miyapur,1985,Poss. by Sep '28,Unfurnished,Unknown,New Property,7899,,,15679515
Apartment,3,Rajendranagar Mandal,2673,Poss. by Jul '30,Unfurnished,Unknown,New Property,8372,,,22378356
Villa,5,Mokila,5928,Unknown,Unfurnished,Unknown,New Property,12499,,,74094072
Apartment,3,Balanagar,2296,Poss. by Feb '29,Unfurnished,Unknown,New Property,11353,,,26066488
Apartment,3,Manikonda Jagir,1780,Unknown,Unfurnished,Unknown,New Property,7799,,,13882220
Apartment,4,Rai Durg,6069,Poss. by May '28,Unfurnished,Unknown,New Property,15000,,,91035000
Apartment,4,Kokapet,5465,Poss. by Jan '28,Unfurnished,Unknown,New Property,13141,,,71815565
Apartment,3,Narsingi,3330,Poss. by Jan '27,Unfurnished,Unknown,New Property,8500,,,28305000
Apartment,4,Nanakaramguda,6085,Unknown,Unfurnished,Unknown,New Property,10505,,,63922925
Apartment,3,Kondapur,2450,Poss. by Jul '31,Unfurnished,Unknown,New Property,8100,,,19845000
Apartment,4,Kokapet,4335,Poss. by Aug '31,Unfurnished,Unknown,New Property,8504,,,36864840
Apartment,3,Miyapur,2285,Unknown,Unfurnished,Unknown,New Property,6499,,,14850215
Apartment,3,Kollur,2150,Unknown,Unfurnished,Unknown,New Property,6500,,,13975000
Apartment,3,Kharmanghat,1820,Unknown,Unfurnished,Unknown,New Property,6200,,,11284000
Villa,3,Kollur,3060,Unknown,Unfurnished,Unknown,New Property,7859,,,24048540
Apartment,3,Kompally,1895,Poss. by May '28,Unfurnished,Unknown,New Property,5999,,,11368105
Apartment,3,Nalagandla,2080,Poss. by Jun '27,Unfurnished,Unknown,New Property,7499,,,15597920
Apartment,3,Nagole,1494,Poss. by Oct '26,Unfurnished,Unknown,New Property,6500,,,9711000
Apartment,4,Rai Durg,6605,Unknown,Unfurnished,Unknown,New Property,14000,,,92470000
Apartment,3,Moti Nagar Erragadda,1793,Poss. by Nov '29,Unfurnished,Unknown,New Property,11712,,,20999616
Apartment,3,Puppalguda,2065,Unknown,Unfurnished,Unknown,New Property,9500,,,19617500
Apartment,2,Kollur,1325,Unknown,Unfurnished,Unknown,New Property,7299,,,9671175
Apartment,2,Indresham,1180,Unknown,Unfurnished,Unknown,New Property,4594,,,5420920
Apartment,3,Financial District,1732,Unknown,Unfurnished,Unknown,New Property,10574,,,18314168
Apartment,3,Kokapet,3078,Unknown,Unfurnished,Unknown,New Property,15999,,,49244922
Apartment,2,Yapral,100,Poss. by Sep '26,Semi-Furnished,East,New Property,5502,5,5,550200
Apartment,3,Rajendranagar Mandal,1985,Poss. by Dec '26,Unfurnished,Unknown,New Property,7500,,,14887500
Apartment,3,Kompally,2700,Poss. by Jun '27,Unfurnished,Unknown,New Property,7000,,,18900000
Apartment,3,HUDA Layout Nalagandla,1500,Ready to Move,Semi-Furnished,West,Resale,10000,5,20,15000000
Apartment,2,Kukatpally,1235,Ready to Move,Furnished,East,Resale,7935,4,5,9799725
Apartment,4,Narsingi,2630,Ready to Move,Semi-Furnished,East,Resale,8745,1,18,22999350
Apartment,4,Kondapur,3160,Ready to Move,Unfurnished,East,Resale,14494,20,20,45801040
Apartment,4,Gachibowli,2490,Ready to Move,Semi-Furnished,East,Resale,28112,10,22,69998880
Apartment,3,Kondapur,2390,Ready to Move,Semi-Furnished,East,Resale,15983,7,20,38199370
Apartment,3,Narsingi,1960,Ready to Move,Unfurnished,West,New Property,8800,9,15,17248000
Apartment,3,Ameenpur,1275,Ready to Move,Unfurnished,West,New Property,5200,5,5,6630000
Apartment,3,Nalagandla,1495,Ready to Move,Unfurnished,East,Resale,11639,9,26,17400305
Apartment,3,Tellapur,2550,Ready to Move,Unfurnished,West,New Property,9882,35,40,25199100
Apartment,3,Alkapoor,1300,Ready to Move,Unfurnished,East,New Property,7333,4,5,9532900
Apartment,4,Nalagandla,2765,Ready to Move,Unfurnished,East,New Property,13092,23,26,36199380
Villa,4,Kollur,3000,Ready to Move,Unfurnished,West,New Property,11633,,,34899000
Apartment,3,Deepthisri Nagar,2000,Ready to Move,Unfurnished,North,New Property,6200,1,4,12400000
Apartment,3,Alkapur Township,1400,Ready to Move,Semi-Furnished,East,Resale,11250,5,5,15750000
Apartment,2,Vishali Nagar,1250,Ready to Move,Semi-Furnished,North,New Property,6800,2,5,8500000
Apartment,3,Phase 2 HITEC City,1750,Ready to Move,Unfurnished,East,New Property,10400,11,35,18200000
Villa,4,Kondapur,3610,Ready to Move,Unfurnished,East,Resale,20776,,,75001360
Apartment,3,Kondapur,1655,Poss. by Jun '27,Unfurnished,East,New Property,9325,2,18,15432875
Villa,3,Kompally,2600,Ready to Move,Semi-Furnished,East,Resale,8889,,,23111400
Apartment,3,Narsingi,1400,Ready to Move,Semi-Furnished,East,Resale,12159,8,33,17022600
Apartment,3,Alkapoor,2320,Poss. by Dec '29,Unfurnished,East,New Property,8492,15,36,19701440
Apartment,3,Gachibowli,1919,Ready to Move,Semi-Furnished,East,New Property,13549,15,32,26000531
Apartment,3,Nalagandla,1212,Ready to Move,Unfurnished,East,Resale,12329,12,26,14942748
Villa,3,Patancheruvu,2036,Ready to Move,Semi-Furnished,East,New Property,7122,,,14500392
Apartment,3,Serilingampalle M,1877,Ready to Move,Unfurnished,West,New Property,9963,17,50,18700551
Apartment,3,Kondapur,2225,Ready to Move,Semi-Furnished,West,Resale,14764,10,19,32849900
Apartment,3,Puppalguda,1400,Ready to Move,Unfurnished,West,Resale,11800,25,36,16520000
Apartment,2,Puppalguda,1341,Ready to Move,Unfurnished,West,Resale,11559,6,31,15500619
Apartment,3,Miyapur,1555,Ready to Move,Semi-Furnished,West,Resale,7188,4,9,11177340
Apartment,3,Power Welfare Society,2944,Ready to Move,Unfurnished,Unknown,Resale,13791,25,33,40600704
Apartment,3,Gopanpalle,1250,Ready to Move,Semi-Furnished,East,Resale,10000,12,12,12500000
Apartment,2,Moti Nagar Erragadda,895,Ready to Move,Furnished,West,Resale,7778,2,5,6961310
Apartment,2,Bachupally,792,Ready to Move,Semi-Furnished,East,Resale,7784,26,33,6164928
House,5,Old Alwal,1100,Ready to Move,Semi-Furnished,Unknown,Resale,16250,,,17875000
Apartment,2,Nizampet,1020,Ready to Move,Unfurnished,East,Resale,5963,1,5,6082260
Apartment,2,Kompally,1250,Ready to Move,Semi-Furnished,West,Resale,7597,13,15,9496250
Apartment,2,Bandlaguda Jagir,1300,Ready to Move,Unfurnished,East,Resale,7473,4,15,9714900
Apartment,4,Kompally,2498,Ready to Move,Semi-Furnished,East,Resale,8009,7,8,20006482
Apartment,2,Bachupally,1181,Ready to Move,Furnished,West,Resale,8383,6,6,9900323
Apartment,3,Shaikpet,1572,Ready to Move,Unfurnished,West,Resale,11624,13,14,18272928
Villa,4,Kondapur,2800,Ready to Move,Semi-Furnished,East,Resale,14789,,,41409200
Apartment,2,Bandlaguda Jagir,1550,Ready to Move,Semi-Furnished,East,Resale,7165,2,14,11105750
Apartment,4,Izzathnagar,2650,Ready to Move,Furnished,North - East,Resale,16667,2,40,44167550
Apartment,2,AS Rao Nagar,1012,Ready to Move,Semi-Furnished,West,Resale,4990,8,25,5049880
Apartment,3,Doctors Colony Madhapur,1950,Ready to Move,Furnished,East,New Property,10532,2,6,20537400
Apartment,3,Narsingi,1800,Ready to Move,Semi-Furnished,East,Resale,12064,18,18,21715200
Apartment,3,Hayathnagar Khalsa,1800,Ready to Move,Unfurnished,North,Resale,5244,1,4,9439200
Apartment,3,Nalagandla,1760,Ready to Move,Semi-Furnished,East,Resale,9773,5,10,17200480
Apartment,2,Vijaya Nagar Colony,1200,Ready to Move,Furnished,North - East,Resale,7200,2,4,8640000
Apartment,3,Osman Nagar,1400,Ready to Move,Unfurnished,East,Resale,8878,3,18,12429200
Apartment,3,Lingampally Serilingampalle,1300,Ready to Move,Semi-Furnished,East,Resale,7333,1,6,9532900
Apartment,3,Miyapur,1280,Ready to Move,Unfurnished,East,Resale,9154,5,5,11717120
Apartment,3,Ammuguda,1357,Ready to Move,Unfurnished,West,Resale,8236,3,5,11176252
Apartment,3,Sri Ram Nagar Kondapur,1700,Ready to Move,Semi-Furnished,Unknown,Resale,10294,3,5,17499800
Apartment,2,Patancheruvu,1065,Ready to Move,Unfurnished,West,New Property,7042,9,14,7499730
Apartment,3,Allwyn Colony,980,Ready to Move,Unfurnished,East,Resale,5538,3,5,5427240
Apartment,3,Madhura Nagar,1600,Ready to Move,Semi-Furnished,East,Resale,7647,1,5,12235200
House,7,Kompally,5400,Ready to Move,Semi-Furnished,East,Resale,3333,,,17998200
Apartment,2,Madhapur,1051,Ready to Move,Unfurnished,North - East,Resale,7464,1,5,7844664
Apartment,3,Kompally,1600,Ready to Move,Unfurnished,East,Resale,4927,2,5,7883200
Apartment,4,Hitech City,3480,Ready to Move,Furnished,North,Resale,12931,4,10,44999880
Apartment,4,Nalagandla,1792,Ready to Move,Furnished,West,Resale,13872,8,24,24858624
Apartment,3,Kismatpur,1255,Ready to Move,Unfurnished,West,Resale,6746,4,5,8466230
Apartment,3,Nizampet,1405,Ready to Move,Semi-Furnished,West,Resale,5409,6,6,7599645
Apartment,3,Kondapur,1459,Ready to Move,Furnished,West,Resale,12680,12,12,18500120
Apartment,2,Hitech City,1000,Ready to Move,Semi-Furnished,North,Resale,9282,13,14,9282000
Villa,4,Mamidpally,3400,Ready to Move,Semi-Furnished,East,Resale,10432,,,35468800
Builder Floor,3,Kamalapuri Colony,1750,Ready to Move,Semi-Furnished,North - East,Resale,9167,2,3,16042250
Apartment,3,Bandlaguda Jagir,1400,Ready to Move,Unfurnished,North,New Property,7880,15,15,11032000
Apartment,3,Nizampet,1790,Ready to Move,Furnished,West,Resale,7250,4,5,12977500
Apartment,4,Banjara Hills,3250,Ready to Move,Semi-Furnished,East,Resale,10738,1,2,34898500
Apartment,2,Narepally,970,Ready to Move,Unfurnished,West,Resale,5350,2,5,5189500
Apartment,2,Yapral,1190,Ready to Move,Unfurnished,East,New Property,5897,2,5,7017430
Apartment,3,Tellapur,1500,Ready to Move,Semi-Furnished,East,Resale,5714,2,7,8571000
Builder Floor,2,Ameerpet,950,Ready to Move,Semi-Furnished,South,Resale,6186,3,6,5876700
Apartment,3,Mokila,1200,Ready to Move,Unfurnished,East,Resale,5886,9,17,7063200
Apartment,2,Shamshabad,900,Ready to Move,Unfurnished,West,New Property,8327,2,14,7494300
Apartment,2,Kukatpally,1010,Ready to Move,Semi-Furnished,South,Resale,9263,7,7,9355630
Apartment,3,AS Raju Nagar Vivekananda Nagar,1400,Ready to Move,Furnished,West,Resale,7500,3,5,10500000
Apartment,3,Mallampet,1600,Ready to Move,Unfurnished,East,Resale,5169,5,5,8270400
Apartment,3,Bachupally,850,Ready to Move,Unfurnished,East,Resale,8500,22,33,7225000
Apartment,3,Kompally,1600,Ready to Move,Semi-Furnished,North - East,Resale,6695,7,8,10712000
Apartment,2,Kompally,591,Ready to Move,Semi-Furnished,East,Resale,7363,5,5,4351533
Apartment,3,Ameerpet,2000,Ready to Move,Semi-Furnished,East,Resale,12242,2,5,24484000
Apartment,2,Moti Nagar Erragadda,905,Ready to Move,Unfurnished,East,Resale,8247,5,5,7463535
Apartment,3,Kondapur,2000,Ready to Move,Semi-Furnished,South,Resale,7933,5,5,15866000
Apartment,3,Nizampet,1780,Ready to Move,Furnished,North - East,Resale,8989,5,5,16000420
Apartment,3,HUDA Layout Nalagandla,1910,Ready to Move,Unfurnished,Unknown,New Property,11000,8,26,21010000
Apartment,3,Kondapur,1855,Ready to Move,Semi-Furnished,North,Resale,12938,23,25,23999990
Apartment,2,Tellapur,950,Ready to Move,Semi-Furnished,East,Resale,6667,5,9,6333650
Apartment,3,Tellapur,2045,Ready to Move,Unfurnished,East,Resale,9584,8,40,19599280
House,4,Tellapur,3666,Ready to Move,Furnished,East,Resale,20458,,,74999028
Villa,3,Beeramguda Ramachandrapuram,1600,Ready to Move,Unfurnished,West,Resale,10167,,,16267200
Apartment,3,Kavuri Hills,2625,Ready to Move,Semi-Furnished,West,Resale,14857,4,14,38999625
Villa,4,Patancheruvu,2500,Ready to Move,Unfurnished,East,Resale,6800,,,17000000
Apartment,3,Kollur,2310,Poss. by Dec '26,Unfurnished,East,New Property,5628,20,23,13000680
Apartment,3,Kollur,2000,Poss. by Dec '27,Unfurnished,East,Resale,3600,11,35,7200000
House,6,Jubilee Hills Check Post Road,6000,Ready to Move,Semi-Furnished,North - East,Resale,25714,,,154284000
Villa,4,Dulapally Cross Road,4554,Ready to Move,Unfurnished,East,Resale,9442,,,42998868
Apartment,2,Nalagandla,798,Ready to Move,Furnished,East,Resale,12097,5,26,9653406
Villa,3,Peddakanjerla,2500,Ready to Move,Unfurnished,East,Resale,6760,,,16900000
House,3,Patancheruvu,1200,Ready to Move,Unfurnished,West,Resale,7793,,,9351600
Apartment,2,Sainikpuri,653,Ready to Move,Semi-Furnished,East,Resale,5820,2,10,3800460
Apartment,2,Nalagandla,823,Ready to Move,Unfurnished,East,Resale,9721,8,12,8000383
Apartment,2,Medchal,840,Ready to Move,Semi-Furnished,East,Resale,3400,3,5,2856000
Villa,4,Tukkuguda,4250,Poss. by Dec '27,Unfurnished,East,New Property,8824,,,37502000
Apartment,2,Rajendranagar Mandal,990,Ready to Move,Semi-Furnished,East,Resale,6768,7,9,6700320
Apartment,2,Narsingi,1285,Ready to Move,Semi-Furnished,West,Resale,9339,3,5,12000615
Apartment,3,Kukatpally,1620,Ready to Move,Unfurnished,Unknown,Resale,9259,5,5,14999580
Villa,4,Gopanapalli Thanda,4000,Ready to Move,Semi-Furnished,East,New Property,21875,,,87500000
Apartment,3,Puppalguda,1140,Ready to Move,Unfurnished,East,Resale,11974,2,2,13650360
Apartment,2,Jawahar Colony Chanda Nagar,920,Ready to Move,Unfurnished,West,New Property,7278,1,5,6695760
Apartment,4,Financial District,2045,Ready to Move,Unfurnished,East,Resale,12500,23,44,25562500
Apartment,3,Neopolis,1988,Ready to Move,Semi-Furnished,East,Resale,12324,27,39,24500112
Apartment,3,Laxmi Cyber City,1398,Ready to Move,Furnished,East,Resale,15282,19,19,21364236
Apartment,4,Narsingi,2630,Ready to Move,Semi-Furnished,East,Resale,9125,1,18,23998750
Apartment,4,Jubilee Hills,5372,Ready to Move,Semi-Furnished,North,Resale,20402,7,8,109599544
Apartment,4,Hitech City,4070,Ready to Move,Unfurnished,East,Resale,20147,6,35,81998290
Villa,4,Kismatpur,5391,Ready to Move,Furnished,East,Resale,24114,,,129998574
Apartment,3,Financial District,1980,Poss. by May '27,Unfurnished,East,New Property,10051,27,39,19900980
Villa,4,Tellapur,3410,Ready to Move,Unfurnished,East,New Property,18035,,,61499350
Apartment,3,Kokapet,1660,Ready to Move,Unfurnished,East,New Property,9157,1,12,15200620
Apartment,2,adibtla TCS,900,Ready to Move,Unfurnished,East,New Property,3500,3,8,3150000
Apartment,2,Narsingi,1314,Ready to Move,Semi-Furnished,West,Resale,11796,23,30,15499944
Villa,4,Osman Nagar,3700,Ready to Move,Unfurnished,West,Resale,16730,,,61901000
Apartment,3,Hitech City,3430,Ready to Move,Unfurnished,West,Resale,21866,24,35,75000380
Apartment,3,Puppalguda,2500,Ready to Move,Unfurnished,East,Resale,9520,4,11,23800000
Apartment,3,Narsingi,1325,Ready to Move,Semi-Furnished,East,Resale,12268,23,31,16255100
Apartment,3,Miyapur,1610,Ready to Move,Furnished,East,Resale,9006,3,5,14499660
Apartment,3,AS Rao Nagar,1700,Ready to Move,Semi-Furnished,West,Resale,5303,1,5,9015100
Villa,3,Kollur,3191,Ready to Move,Unfurnished,East,New Property,13162,,,41999942
Apartment,2,Gajularamaram,1008,Ready to Move,Furnished,West,Resale,7698,9,10,7759584
Apartment,3,Kollur,1200,Ready to Move,Unfurnished,East,Resale,7594,6,15,9112800
Apartment,4,Financial District,40000,Ready to Move,Semi-Furnished,East,Resale,14500,2,26,580000000
Apartment,3,Kokapet,3450,Ready to Move,Unfurnished,East,Resale,13623,18,44,46999350
Apartment,2,Pocharam,860,Ready to Move,Unfurnished,East,New Property,4009,3,5,3447740
Villa,4,Tellapur,3470,Ready to Move,Unfurnished,West,Resale,17291,,,59999770
Apartment,4,Block C Sri Ramnagar,4860,Ready to Move,Unfurnished,West,Resale,12502,12,27,60759720
Apartment,3,Mehdipatnam,1869,Ready to Move,Unfurnished,West,New Property,9928,9,9,18555432
Apartment,4,Banjara Hills,3765,Ready to Move,Furnished,East,New Property,21248,4,5,79998720
Villa,4,Narsingi,7000,Ready to Move,Semi-Furnished,East,Resale,29487,,,206409000
Apartment,3,Nalagandla,1740,Ready to Move,Unfurnished,East,Resale,12644,18,26,22000560
Apartment,3,Yapral,1725,Ready to Move,Unfurnished,West,New Property,5999,4,9,10348275
Apartment,3,Bandlaguda Nagole,1650,Ready to Move,Furnished,West,Resale,7317,3,5,12073050
Apartment,4,Kokapet,3300,Ready to Move,Unfurnished,East,New Property,11400,8,15,37620000
Apartment,3,Gachibowli,1258,Ready to Move,Furnished,East,Resale,14638,5,33,18414604
Apartment,2,Kukatpally,1100,Ready to Move,Unfurnished,East,New Property,5500,17,30,6050000
Apartment,2,Narsingi,882,Ready to Move,Furnished,West,Resale,12774,31,39,11266668
Apartment,3,Financial District,1595,Poss. by Jan '27,Unfurnished,East,New Property,11400,20,44,18183000
Apartment,4,Gachibowli,4860,Ready to Move,Furnished,East,Resale,14198,8,9,69002280
Apartment,3,Umdanagar,1648,Poss. by Oct '28,Unfurnished,West,New Property,9236,34,42,15220928
Villa,4,Gopanpally,3200,Ready to Move,Semi-Furnished,East,Resale,29244,,,93580800
Apartment,3,Banjara Hills,1965,Ready to Move,Semi-Furnished,East,Resale,10891,3,3,21400815
Apartment,3,Kondapur,2785,Ready to Move,Semi-Furnished,West,New Property,14327,17,20,39900695
Villa,4,Hitech City,3415,Ready to Move,Semi-Furnished,West,Resale,24890,,,84999350
House,4,Mahendra Hills,6500,Ready to Move,Furnished,North,Resale,12308,,,80002000
Apartment,2,Narsingi,954,Ready to Move,Unfurnished,West,New Property,9962,3,14,9503748
Apartment,3,Tellapur,1013,Poss. by Mar '31,Unfurnished,East,New Property,8500,5,52,8610500
Villa,4,Sri Ram Nagar Colony Chanda Nagar,5400,Ready to Move,Furnished,East,Resale,7500,,,40500000
Apartment,3,Kondapur,1950,Ready to Move,Unfurnished,East,New Property,11282,24,39,21999900
Apartment,4,Kondapur,3070,Ready to Move,Unfurnished,West,Resale,14202,1,20,43600140
Apartment,4,Hitech City,2300,Ready to Move,Semi-Furnished,West,Resale,14706,1,15,33823800
Villa,3,Kistareddypet,1830,Ready to Move,Semi-Furnished,West,Resale,8743,,,15999690
Apartment,3,Kondapur,2415,Ready to Move,Furnished,West,Resale,12422,4,15,29999130
Apartment,3,Kondapur,1479,Ready to Move,Unfurnished,West,New Property,13500,16,20,19966500
Apartment,3,Puppalguda,1228,Ready to Move,Unfurnished,East,Resale,12705,2,32,15601740
Apartment,3,Narsingi,1515,Ready to Move,Unfurnished,West,New Property,12871,27,39,19499565
Apartment,3,Manikonda Jagir,1344,Ready to Move,Semi-Furnished,East,Resale,11280,3,11,15160320
Apartment,4,Kokapet,3379,Poss. by Dec '29,Unfurnished,East,New Property,8699,40,63,29393921
Apartment,4,Financial District,4170,Poss. by Dec '29,Unfurnished,East,New Property,9000,33,60,37530000
Apartment,3,Tellapur,1840,Ready to Move,Semi-Furnished,East,Resale,9783,12,29,18000720
Apartment,3,Gachibowli,2400,Ready to Move,Semi-Furnished,East,Resale,11618,10,19,27883200
Apartment,4,Manikonda Jagir,3620,Ready to Move,Furnished,West,Resale,11117,26,32,40243540
Apartment,3,Kondapur,2300,Ready to Move,Semi-Furnished,North,Resale,6957,3,5,16001100
Apartment,3,Kondapur,2625,Ready to Move,Unfurnished,North,Resale,14971,15,20,39298875
Apartment,3,Narsingi,1554,Poss. by Dec '26,Unfurnished,West,New Property,8500,1,13,13209000
Apartment,2,Peerzadiguda,869,Ready to Move,Unfurnished,West,New Property,4507,1,4,3916583
Apartment,3,Pocharam,1856,Ready to Move,Unfurnished,West,New Property,6000,5,14,11136000
Builder Floor,2,Kompally,1250,Ready to Move,Furnished,West,New Property,6560,5,5,8200000
Apartment,4,Kompally,2700,Ready to Move,Unfurnished,West,Resale,6786,3,10,18322200
Apartment,4,Hitech City,4070,Ready to Move,Semi-Furnished,West,Resale,20639,8,35,84000730
Villa,4,Patancheruvu,3000,Poss. by Dec '27,Unfurnished,East,New Property,5784,,,17352000
Apartment,3,Kollur,1144,Poss. by Dec '27,Unfurnished,East,New Property,7300,,,8351200
Apartment,3,Kukatpally Housing Board Colony,1854,Ready to Move,Unfurnished,East,New Property,10500,32,35,19467000
Apartment,3,Masjid Banda,1287,Ready to Move,Unfurnished,East,New Property,9753,,,12552111
Apartment,3,Narsingi,1435,Ready to Move,Unfurnished,West,Resale,11306,22,39,16224110
Apartment,3,Gachibowli,1742,Ready to Move,Semi-Furnished,West,Resale,13548,8,34,23600616
Apartment,3,Chanda Nagar,1590,Ready to Move,Semi-Furnished,East,Resale,9119,5,12,14499210
Villa,3,Nalagandla,2000,Poss. by Dec '26,Unfurnished,East,New Property,5682,,,11364000
Apartment,2,Kondapur,1000,Ready to Move,Semi-Furnished,East,New Property,6917,5,5,6917000
Apartment,2,Miyapur,1305,Poss. by Oct '27,Unfurnished,East,New Property,7624,3,14,9949320
Villa,4,Gachibowli,5000,Ready to Move,Furnished,North - East,Resale,19167,,,95835000
Apartment,3,Nalagandla,1275,Ready to Move,Unfurnished,East,Resale,11780,9,26,15019500
Apartment,3,Puppalguda,1520,Ready to Move,Unfurnished,East,Resale,12184,24,33,18519680
Apartment,2,Narsingi,1285,Ready to Move,Semi-Furnished,East,Resale,9883,4,9,12699655
Villa,4,Kapra,3000,Ready to Move,Semi-Furnished,West,New Property,6250,,,18750000
Apartment,3,Phase 7 KPHB,1650,Ready to Move,Semi-Furnished,North - East,Resale,8788,4,5,14500200
Apartment,4,Kokapet,2800,Ready to Move,Unfurnished,East,Resale,14492,24,44,40577600
Apartment,4,Kokapet,5800,Ready to Move,Unfurnished,East,Resale,12790,10,28,74182000
Apartment,2,Sri Ram Nagar Kondapur,850,Ready to Move,Semi-Furnished,West,Resale,7217,1,4,6134450
Apartment,2,Bachupally,1110,Poss. by Dec '26,Unfurnished,East,New Property,8300,15,33,9213000
Apartment,3,Kokapet,2180,Ready to Move,Furnished,Unknown,Resale,11927,3,39,26000860
Villa,4,Tellapur,4200,Ready to Move,Furnished,West,Resale,24762,,,104000400
Apartment,3,Kokapet,2234,Ready to Move,Semi-Furnished,East,Resale,12975,20,32,28986150
Apartment,3,Tellapur,1335,Ready to Move,Unfurnished,East,Resale,11052,25,39,14754420
Apartment,3,Osman Sagar Road,2625,Ready to Move,Semi-Furnished,East,Resale,11810,3,9,31001250
Apartment,3,Uppal,1945,Ready to Move,Furnished,East,New Property,8745,10,15,17009025
Apartment,3,Appa Junction Area,1400,Ready to Move,Semi-Furnished,West,Resale,10000,16,19,14000000
Apartment,3,Gachibowli,1915,Ready to Move,Semi-Furnished,East,Resale,11000,11,19,21065000
Apartment,4,Hitech City,4070,Ready to Move,Semi-Furnished,East,Resale,22113,15,35,89999910
Apartment,3,Chanda Nagar,1825,Ready to Move,Semi-Furnished,East,Resale,9863,1,14,17999975
Apartment,3,Puppalguda,1982,Ready to Move,Unfurnished,West,Resale,13118,17,44,25999876
Apartment,3,Kakatiya Hills Kavuri Hills,1650,Ready to Move,Furnished,North,New Property,9000,3,5,14850000
Apartment,4,Puppalguda,4999,Poss. by Dec '26,Semi-Furnished,East,Resale,11982,35,43,59898018
Apartment,2,Kollur,1330,Ready to Move,Unfurnished,Unknown,Resale,7293,5,15,9699690
Apartment,3,Tellapur,1200,Poss. by Dec '29,Unfurnished,North - East,New Property,6471,10,17,7765200
Apartment,3,Osman Nagar,1792,Ready to Move,Unfurnished,East,Resale,9766,1,10,17500672
Apartment,4,Madhapur,2700,Ready to Move,Furnished,East,Resale,14451,6,14,39017700
Apartment,3,Gandi Maisamma,1750,Ready to Move,Unfurnished,West,Resale,6857,14,14,11999750
Apartment,3,Rajendranagar Mandal,1750,Poss. by Dec '27,Unfurnished,Unknown,Resale,10143,13,45,17750250
Villa,5,Jubilee Hills,5500,Ready to Move,Semi-Furnished,North,New Property,27809,,,152949500
Apartment,3,Tellapur,1720,Poss. by Sep '27,Unfurnished,Unknown,Resale,9884,14,40,17000480
Villa,4,Nalagandla,2724,Poss. by Dec '28,Unfurnished,East,New Property,5900,,,16071600
Apartment,2,Dammaiguda,1176,Ready to Move,Unfurnished,North,New Property,4252,3,5,5000352
Apartment,3,Moosapet,1640,Poss. by Mar '28,Unfurnished,North - East,New Property,5699,9,30,9346360
Apartment,3,Amberpet,1200,Ready to Move,Furnished,East,Resale,5846,1,5,7015200
Apartment,3,Kollur,1125,Ready to Move,Semi-Furnished,East,New Property,5599,5,10,6298875
Apartment,3,Puppalguda,1400,Ready to Move,Unfurnished,West,New Property,7014,4,5,9819600
Apartment,3,Moosapet,1480,Poss. by Jan '27,Unfurnished,East,New Property,10473,17,27,15500040
Villa,5,Kompally,4600,Ready to Move,Unfurnished,East,Resale,11957,,,55002200
Apartment,2,Narsingi,1314,Ready to Move,Semi-Furnished,West,Resale,12177,12,30,16000578
Apartment,3,Kokapet,2257,Poss. by Sep '26,Unfurnished,East,Resale,13292,27,35,30000044
Apartment,3,Miyapur,1008,Unknown,Unfurnished,East,New Property,5500,10,15,5544000
Apartment,3,Puppalguda,1228,Ready to Move,Unfurnished,West,Resale,11100,22,39,13630800
Apartment,3,Kondapur,1880,Ready to Move,Unfurnished,West,New Property,16489,14,20,30999320
Villa,4,Kondapur,4500,Ready to Move,Furnished,East,Resale,27885,,,125482500
Villa,3,Tellapur,3600,Ready to Move,Unfurnished,West,New Property,12639,,,45500400
Apartment,2,Miyapur,861,Ready to Move,Unfurnished,North,Resale,6736,6,14,5799696
House,4,Narsingi,8000,Ready to Move,Unfurnished,East,New Property,11700,,,93600000
Apartment,3,Kondapur,1500,Ready to Move,Unfurnished,East,New Property,9195,6,17,13792500
Apartment,2,Kondapur,1290,Ready to Move,Unfurnished,East,Resale,12016,22,24,15500640
Apartment,3,Hitech City,2795,Ready to Move,Furnished,East,Resale,11270,15,19,31499650
Villa,4,Muchintal,9000,Poss. by Sep '26,Semi-Furnished,East,New Property,10800,,,97200000
Apartment,2,Narsingi,1370,Ready to Move,Semi-Furnished,East,Resale,11971,24,39,16400270
Villa,2,Shankarpally Road,1000,Poss. by Sep '26,Unfurnished,East,New Property,11818,,,11818000
Apartment,3,Kokapet,2124,Ready to Move,Unfurnished,West,New Property,13418,28,35,28499832
Apartment,2,Ashok Nagar Himayatnagar,1100,Ready to Move,Semi-Furnished,South - East,Resale,6364,2,5,7000400
Villa,3,Mokila,2550,Ready to Move,Unfurnished,East,Resale,12745,,,32499750
Apartment,3,Umdanagar,2136,Poss. by Dec '27,Unfurnished,East,Resale,9597,21,42,20499192
Apartment,3,Banjara Hills,2500,Ready to Move,Furnished,East,Resale,16000,1,4,40000000
Apartment,2,Annojiguda,762,Unknown,Unfurnished,North - East,New Property,5425,5,9,4133850
Apartment,4,Kokapet,6333,Unknown,Unfurnished,West,Resale,13500,26,29,85495500
Villa,4,Hitech City,3000,Ready to Move,Unfurnished,East,New Property,28333,,,84999000
Apartment,2,Narsingi,1370,Ready to Move,Semi-Furnished,West,New Property,12409,8,40,17000330
Villa,6,Jonnabanda,4053,Ready to Move,Furnished,South,Resale,6168,,,24998904
House,4,Miyapur,3500,Ready to Move,Unfurnished,Unknown,Resale,6857,,,23999500
Apartment,2,Medipally,1090,Ready to Move,Furnished,North,Resale,4545,3,4,4954050
House,3,Jupiter Colony Karkhana,1250,Ready to Move,Unfurnished,East,Resale,26923,,,33653750
Apartment,3,Kondapur,1939,Ready to Move,Unfurnished,East,Resale,9386,5,5,18199454
House,10,Om Nagar Maruthi Nagar,7500,Ready to Move,Semi-Furnished,East,Resale,12750,,,95625000
House,2,Moula Ali,600,Ready to Move,Unfurnished,South -West,Resale,6963,,,4177800
Apartment,2,Kollur,1180,Ready to Move,Unfurnished,North,Resale,5986,2,2,7063480
Villa,2,Beeramguda Ramachandrapuram,1285,Ready to Move,Unfurnished,East,Resale,12333,,,15847905
Apartment,3,Nacharam,2000,Ready to Move,Semi-Furnished,East,Resale,6210,5,5,12420000
Apartment,3,Vanasthalipuram,1510,Ready to Move,Unfurnished,North,Resale,5625,1,5,8493750
Apartment,3,Malkajgiri,1750,Ready to Move,Furnished,North - East,Resale,7543,2,5,13200250
House,4,Paramount Hills,3000,Ready to Move,Semi-Furnished,North,Resale,11298,,,33894000
Apartment,3,Miyapur,1222,Ready to Move,Semi-Furnished,West,Resale,8054,6,10,9841988
Apartment,2,Praga Tools Colony,1000,Ready to Move,Furnished,North - East,Resale,5182,1,5,5182000
Builder Floor,3,APGOs Coop HSG Society,3215,Ready to Move,Semi-Furnished,East,Resale,10109,1,5,32500435
Apartment,3,Kukatpally,1213,Ready to Move,Unfurnished,North,Resale,8571,21,33,10396623
Apartment,3,Serilingampalle M,1220,Ready to Move,Unfurnished,West,New Property,9870,22,50,12041400
Apartment,3,Hitech City,2465,Ready to Move,Semi-Furnished,West,Resale,21712,39,39,53520080
Apartment,3,Hitech City,1058,Ready to Move,Furnished,East,Resale,10759,20,20,11383022
Apartment,3,Bairagiguda,1580,Ready to Move,Semi-Furnished,West,New Property,7342,3,5,11600360
Apartment,2,Appa Junction Area,1300,Ready to Move,Semi-Furnished,West,Resale,9643,14,20,12535900
Apartment,3,HUDA Layout Nalagandla,2000,Ready to Move,Semi-Furnished,West,Resale,11190,4,19,22380000
Apartment,3,Abhudaya Nagar Colony,1193,Ready to Move,Semi-Furnished,East,Resale,4923,4,5,5873139
Apartment,2,Nalagandla,1270,Ready to Move,Semi-Furnished,East,Resale,8425,8,10,10699750
Builder Floor,2,Nagaram,1000,Ready to Move,Semi-Furnished,North - East,Resale,3889,3,3,3889000
Apartment,3,Narsingi,1508,Ready to Move,Unfurnished,West,Resale,11000,9,40,16588000
House,2,Nadergul Road,1050,Ready to Move,Unfurnished,North,Resale,5763,,,6051150
Apartment,2,Kokapet,1000,Ready to Move,Unfurnished,East,New Property,8756,1,10,8756000
Builder Floor,2,Madhapur,1000,Ready to Move,Furnished,North - East,Resale,7959,3,5,7959000
Apartment,3,Whitefields,1775,Ready to Move,Furnished,West,Resale,7614,5,5,13514850
Villa,4,Brundavan Colony Bolarum,2200,Ready to Move,Unfurnished,West,New Property,9726,,,21397200
Apartment,4,Gachibowli,4490,Ready to Move,Furnished,North,Resale,17817,9,22,79998330
Villa,3,Mallampet Road,1550,Ready to Move,Unfurnished,West,New Property,12121,,,18787550
House,5,Attapur,4600,Ready to Move,Semi-Furnished,West,Resale,7585,3,3,34891000
Apartment,4,Malaysian Township,2600,Ready to Move,Furnished,North,Resale,12727,8,11,33090200
Villa,3,Tellapur,2101,Ready to Move,Unfurnished,Unknown,Resale,13089,,,27499989
Apartment,2,Manikonda Jagir,1100,Ready to Move,Furnished,West,Resale,7040,2,5,7744000
Apartment,3,Moti Nagar Erragadda,1135,Ready to Move,Semi-Furnished,West,Resale,8634,5,5,9799590
Apartment,2,Nagaram,800,Ready to Move,Unfurnished,West,Resale,3855,4,5,3084000
House,6,New Mirjalguda,2600,Ready to Move,Semi-Furnished,East,Resale,13333,,,34665800
Apartment,2,Sangeet Nagar Kukatpally,1149,Ready to Move,Furnished,North,Resale,8250,5,16,9479250
Apartment,3,Rock Town Colony,1850,Ready to Move,Unfurnished,East,Resale,5000,3,5,9250000
Apartment,2,Patancheruvu,685,Ready to Move,Semi-Furnished,East,Resale,5385,2,5,3688725
Apartment,2,Suraram,756,Ready to Move,Furnished,East,Resale,5926,2,5,4480056
Apartment,2,Bolarum,700,Ready to Move,Furnished,North - East,Resale,4267,2,2,2986900
Apartment,3,Ameerpet,1730,Ready to Move,Semi-Furnished,North - East,Resale,8785,6,7,15198050
Villa,3,Beeramguda Ramachandrapuram,1400,Ready to Move,Furnished,East,Resale,11611,,,16255400
Villa,6,Manikonda Jagir,5000,Ready to Move,Furnished,East,New Property,9300,,,46500000
Villa,3,Nizampet,2457,Ready to Move,Semi-Furnished,North - East,Resale,8954,,,21999978
Apartment,3,Gajularamaram,1565,Ready to Move,Furnished,West,Resale,5367,4,5,8399355
Apartment,3,Nanakaramguda,1500,Ready to Move,Semi-Furnished,West,Resale,13793,8,9,20689500
Apartment,3,Kokapet,2100,Ready to Move,Semi-Furnished,West,Resale,10755,6,12,22585500
Apartment,3,Miyapur,2325,Ready to Move,Unfurnished,West,Resale,8817,6,17,20499525
Apartment,2,Miyapur,840,Ready to Move,Unfurnished,East,New Property,6655,14,14,5590200
Apartment,2,Nizampet Miyapur Road,1101,Ready to Move,Unfurnished,East,New Property,7002,12,14,7709202
Apartment,2,Bachupally,1112,Ready to Move,Semi-Furnished,East,Resale,8250,3,8,9174000
Apartment,3,Habsiguda,1200,Ready to Move,Semi-Furnished,East,New Property,10318,4,5,12381600
Apartment,3,Miyapur,1500,Ready to Move,Semi-Furnished,East,Resale,9449,7,19,14173500
Apartment,3,Tellapur,2240,Ready to Move,Furnished,West,Resale,8929,4,10,20000960
Apartment,2,Narsingi,1300,Ready to Move,Unfurnished,West,Resale,10949,5,40,14233700
House,4,Green Homes Colony,1890,Ready to Move,Unfurnished,East,Resale,5100,,,9639000
Villa,5,Tellapur,3300,Ready to Move,Unfurnished,West,Resale,12239,,,40388700
Apartment,3,Bachupally,1423,Ready to Move,Unfurnished,East,Resale,7099,3,10,10101877
Apartment,2,Begumpet,1030,Ready to Move,Semi-Furnished,West,Resale,4825,3,4,4969750
Apartment,3,Petbasheerabad,1700,Ready to Move,Furnished,West,Resale,7427,2,6,12625900
Apartment,3,Nizampet,1523,Ready to Move,Unfurnished,South,Resale,7636,10,13,11629628
House,5,Kapra,4250,Ready to Move,Semi-Furnished,West,Resale,6047,,,25699750
Apartment,3,Kondapur,2379,Ready to Move,Unfurnished,East,Resale,7776,5,7,18499104
Apartment,3,Nalagandla,1695,Ready to Move,Semi-Furnished,East,Resale,10619,14,14,17999205
Apartment,3,Hitech City,2000,Ready to Move,Semi-Furnished,North - East,Resale,12087,13,14,24174000
House,4,Prashanti Nagar New Nallakunta,1800,Ready to Move,Unfurnished,West,Resale,15220,,,27396000
Villa,4,Ghatkesar,2450,Ready to Move,Unfurnished,East,Resale,6429,,,15751050
Villa,3,Haven Colony,2500,Ready to Move,Semi-Furnished,East,Resale,6040,,,15100000
Apartment,3,Sainikpuri,1800,Ready to Move,Semi-Furnished,North,New Property,5176,4,4,9316800
Apartment,3,Kondapur,1650,Ready to Move,Semi-Furnished,North,Resale,7388,9,9,12190200
Apartment,3,Hyderguda Attapur,1100,Ready to Move,Unfurnished,North,Resale,6328,4,5,6960800
Apartment,3,Narsingi,1734,Ready to Move,Unfurnished,West,Resale,12814,30,30,22219476
Apartment,3,Pragathi Nagar,1640,Ready to Move,Semi-Furnished,North - East,Resale,6098,4,4,10000720
Apartment,3,Quthbullapur,1424,Ready to Move,Semi-Furnished,East,Resale,5618,2,2,8000032
Apartment,3,Rajendranagar Mandal,1100,Ready to Move,Semi-Furnished,East,Resale,5217,4,5,5738700
Apartment,3,Bachupally,1353,Ready to Move,Unfurnished,East,Resale,8869,30,33,11999757
Apartment,2,Suchitra Road,1150,Ready to Move,Furnished,North - East,Resale,6695,3,5,7699250
Villa,4,Khajaguda,3200,Ready to Move,Semi-Furnished,North - East,Resale,18085,,,57872000
Villa,4,Kollur,3580,Ready to Move,Unfurnished,North - West,New Property,14000,,,50120000
House,3,Mallapur Balapur,1188,Ready to Move,Unfurnished,West,New Property,8730,,,10371240
Apartment,2,Miyapur,1100,Ready to Move,Unfurnished,West,Resale,7826,4,10,8608600
Apartment,4,Kollur,1625,Poss. by Mar '27,Unfurnished,East,New Property,6049,8,15,9829625
Apartment,2,Mallampet,950,Ready to Move,Furnished,East,Resale,5455,4,5,5182250
Apartment,3,Bachupally,1353,Ready to Move,Unfurnished,East,Resale,7857,6,33,10630521
Apartment,2,Kuntloor,808,Ready to Move,Unfurnished,West,Resale,4340,3,5,3506720
Apartment,2,Kondapur,1121,Ready to Move,Furnished,North,Resale,12461,8,10,13968781
Apartment,3,Friends Colony Chanda Nagar,1640,Ready to Move,Furnished,East,Resale,7353,4,5,12058920
House,2,Saket,2900,Ready to Move,Semi-Furnished,East,Resale,5500,,,15950000
Villa,4,Chilkur Balaji Temple Road,2600,Ready to Move,Furnished,East,Resale,16154,,,42000400
Apartment,2,SR Naik Nagar,1000,Ready to Move,Semi-Furnished,East,Resale,6818,1,4,6818000
Apartment,3,Narsingi,1400,Ready to Move,Furnished,North - East,Resale,13485,17,18,18879000
Apartment,2,Gachibowli,1150,Unknown,Unfurnished,Unknown,Resale,10817,19,22,12439550
Apartment,3,Tellapur,1800,Ready to Move,Unfurnished,East,Resale,11682,18,35,21027600
Apartment,2,Dammaiguda,1050,Ready to Move,Furnished,West,Resale,3620,2,4,3801000
Villa,4,Narsingi,3135,Ready to Move,Furnished,East,Resale,27113,,,84999255
Apartment,2,Kondapur,1201,Ready to Move,Unfurnished,West,Resale,10368,7,31,12451968
Apartment,3,Gajularamaram,1350,Ready to Move,Semi-Furnished,East,Resale,4915,2,9,6635250
Apartment,2,Bahadurpally,1100,Ready to Move,Semi-Furnished,North,Resale,6852,3,6,7537200
Apartment,3,Nizampet Road,1114,Ready to Move,Semi-Furnished,East,Resale,6667,4,5,7427038
Apartment,3,Bachupally,1353,Ready to Move,Unfurnished,West,Resale,7857,28,33,10630521
Apartment,3,Nacharam,1300,Ready to Move,Semi-Furnished,East,Resale,8462,2,12,11000600
Apartment,2,Kondapur,840,Ready to Move,Semi-Furnished,West,Resale,6190,2,6,5199600
Apartment,3,Kondapur,1890,Ready to Move,Furnished,West,Resale,10184,18,19,19247760
Apartment,3,Kompally,1400,Ready to Move,Unfurnished,East,Resale,5842,4,5,8178800
Apartment,3,Financial District,1242,Ready to Move,Unfurnished,West,New Property,10505,40,40,13047210
Apartment,3,Kondapur,1800,Ready to Move,Unfurnished,West,Resale,10938,17,18,19688400
Villa,3,Beeramguda Ramachandrapuram,1600,Ready to Move,Furnished,West,Resale,9509,,,15214400
Apartment,3,Gachibowli,1406,Ready to Move,Unfurnished,West,Resale,11685,21,29,16429110
Apartment,2,Bachupally,1060,Ready to Move,Semi-Furnished,West,Resale,6132,5,5,6499920
Apartment,2,100 Feet Road,1265,Ready to Move,Furnished,North - East,Resale,8077,4,4,10217405
Apartment,2,Nalagandla,1250,Ready to Move,Unfurnished,West,Resale,10916,3,26,13645000
Villa,4,Manikonda Jagir,5000,Ready to Move,Furnished,West,Resale,11000,,,55000000
Apartment,2,Friends Colony Chanda Nagar,1070,Ready to Move,Furnished,East,Resale,7009,5,5,7499630
House,2,Jupiter Colony Karkhana,1150,Ready to Move,Semi-Furnished,West,Resale,34615,,,39807250
Apartment,3,R K Puram,1600,Ready to Move,Unfurnished,East,Resale,6748,4,5,10796800
Apartment,3,Kondapur,2700,Ready to Move,Semi-Furnished,East,Resale,14400,4,18,38880000
Apartment,3,Kondapur,1400,Ready to Move,Semi-Furnished,East,Resale,8688,1,6,12163200
House,3,Kapra,1650,Ready to Move,Semi-Furnished,West,Resale,10294,,,16985100
Apartment,2,Tellapur,900,Ready to Move,Furnished,East,Resale,9758,9,9,8782200
Apartment,2,Puppalguda,1250,Ready to Move,Furnished,West,Resale,9477,3,5,11846250
Apartment,2,Gachibowli,900,Ready to Move,Semi-Furnished,East,Resale,12953,4,24,11657700
Apartment,3,Financial District,2000,Ready to Move,Unfurnished,West,Resale,11036,35,39,22072000
Apartment,2,Miyapur,861,Ready to Move,Furnished,Unknown,Resale,8130,9,14,6999930
Apartment,2,Dammaiguda,1000,Ready to Move,Semi-Furnished,North,Resale,4729,1,3,4729000
Apartment,2,Ameenpur,1008,Ready to Move,Unfurnished,East,Resale,5820,3,5,5866560
Apartment,2,Renuka Yellamma Colony,850,Ready to Move,Furnished,East,Resale,6397,1,5,5437450
Villa,5,Neopolis,3500,Ready to Move,Furnished,East,Resale,43750,,,153125000
Apartment,2,Vinay Nagar,930,Ready to Move,Unfurnished,West,New Property,6637,2,5,6172410
Apartment,3,Serilingampalle M,1605,Ready to Move,Unfurnished,West,Resale,9346,25,50,15000330
Apartment,3,West Marredpally,1310,Ready to Move,Furnished,North - East,Resale,7037,4,4,9218470
Villa,4,BDL Colony Balapur,2700,Ready to Move,Furnished,East,Resale,6071,,,16391700
Apartment,2,Madeenaguda,1245,Ready to Move,Furnished,East,Resale,6154,5,5,7661730
Apartment,4,Gachibowli,2600,Ready to Move,Semi-Furnished,East,Resale,13269,24,34,34499400
Apartment,4,Banjara Hills,3000,Ready to Move,Semi-Furnished,North - East,Resale,11000,5,5,33000000
Apartment,2,Begumpet,1100,Ready to Move,Semi-Furnished,North,Resale,11382,5,5,12520200
Apartment,3,Attapur,1500,Ready to Move,Semi-Furnished,West,Resale,5329,1,4,7993500
Apartment,3,Nanakaramguda,1900,Ready to Move,Unfurnished,West,Resale,12985,20,44,24671500
Apartment,2,Nalagandla,1380,Ready to Move,Semi-Furnished,East,Resale,9000,4,14,12420000
Apartment,3,Financial District,2220,Ready to Move,Unfurnished,West,Resale,11667,20,39,25900740
Apartment,3,Gachibowli,1650,Ready to Move,Furnished,East,Resale,35000,5,6,57750000
Villa,3,Gopanpalle,3520,Ready to Move,Semi-Furnished,West,Resale,21053,,,74106560
Apartment,3,Kukatpally Housing Board Road,2259,Ready to Move,Furnished,West,Resale,11952,2,35,26999568
Villa,4,Kakatiya Hills Kavuri Hills,3800,Ready to Move,Semi-Furnished,East,Resale,21224,,,80651200
Apartment,3,Bandari Layout,1550,Ready to Move,Semi-Furnished,West,Resale,4194,3,4,6500700
Villa,3,Mallampet,2500,Ready to Move,Furnished,West,Resale,5926,,,14815000
Apartment,3,Kukatpally Housing Board Colony,1899,Ready to Move,Semi-Furnished,West,Resale,11585,4,34,21999915
Builder Floor,3,Dammaiguda,2400,Ready to Move,Furnished,East,Resale,7407,5,5,17776800
Apartment,3,Osman Nagar,1500,Ready to Move,Unfurnished,West,Resale,9470,4,10,14205000
Apartment,3,Nalagandla,1620,Ready to Move,Semi-Furnished,East,Resale,7990,5,5,12943800
Builder Floor,3,Manikonda Jagir,1800,Ready to Move,Semi-Furnished,North,Resale,7895,1,6,14211000
Apartment,2,Kukatpally,1116,Ready to Move,Furnished,West,Resale,6911,3,5,7712676
Apartment,3,Gachibowli,1800,Ready to Move,Furnished,East,Resale,8539,1,5,15370200
Villa,4,Yapral,1800,Ready to Move,Semi-Furnished,East,Resale,14713,,,26483400
Villa,4,Kompally,2700,Ready to Move,Unfurnished,East,New Property,10179,,,27483300
Villa,4,Gopanpally,5647,Ready to Move,Semi-Furnished,East,Resale,32459,,,183295973
Villa,5,Financial District,8500,Ready to Move,Furnished,South - East,Resale,46667,,,396669500
Apartment,2,Nizampet,1274,Ready to Move,Semi-Furnished,East,Resale,7300,2,10,9300200
Villa,4,Tellapur,3400,Ready to Move,Furnished,East,Resale,25000,,,85000000
Apartment,2,Tellapur,960,Ready to Move,Unfurnished,East,Resale,10815,22,30,10382400
Apartment,3,Defence Colony Sainikpuri,1310,Ready to Move,Furnished,East,Resale,5954,2,3,7799740
Apartment,4,Kompally,2676,Ready to Move,Semi-Furnished,North - East,Resale,6353,1,5,17000628
Apartment,3,Kondapur,2805,Ready to Move,Unfurnished,East,Resale,13999,3,20,39267195
Apartment,3,Gachibowli,2500,Ready to Move,Unfurnished,West,Resale,9302,6,15,23255000
Apartment,3,Miyapur,1830,Ready to Move,Furnished,East,Resale,6842,4,10,12520860
Builder Floor,2,Shamirpet,1090,Poss. by Oct '26,Unfurnished,East,Resale,5046,1,5,5500140
Apartment,2,Sainikpuri,600,Ready to Move,Unfurnished,West,Resale,5938,3,9,3562800
Apartment,3,Serilingampalle M,2100,Ready to Move,Unfurnished,East,Resale,10354,37,50,21743400
Apartment,3,Nanakaramguda,1660,Ready to Move,Unfurnished,West,Resale,10450,9,40,17347000
Apartment,3,Financial District,1900,Ready to Move,Unfurnished,East,Resale,12626,35,39,23989400
Apartment,3,Nanakaramguda,2020,Ready to Move,Unfurnished,North,New Property,12129,6,44,24500580
Apartment,4,Narsingi,3330,Poss. by Oct '26,Unfurnished,East,Resale,9459,25,45,31498470
Apartment,3,Kompally,2225,Ready to Move,Unfurnished,West,New Property,6292,7,14,13999700
Apartment,3,Tellapur,1573,Ready to Move,Unfurnished,West,Resale,11825,29,39,18600725
House,6,Dammaiguda,1700,Ready to Move,Semi-Furnished,East,Resale,9444,,,16054800
Apartment,3,Rajendranagar Mandal,1300,Ready to Move,Furnished,West,Resale,9509,1,10,12361700
Apartment,2,AS Rao Nagar,909,Ready to Move,Semi-Furnished,North,Resale,4800,3,5,4363200
Apartment,2,Gajularamaram,1051,Ready to Move,Unfurnished,West,Resale,5961,2,5,6265011
House,6,Avanti Nagar,3621,Ready to Move,Semi-Furnished,North - West,Resale,10145,,,36735045
Apartment,3,Chikoti Gardens,1850,Ready to Move,Semi-Furnished,East,Resale,11135,5,5,20599750
Apartment,3,Tellapur,1300,Ready to Move,Furnished,East,Resale,10000,5,17,13000000
Apartment,3,Kollur,1320,Ready to Move,Unfurnished,North,Resale,8621,7,15,11379720
Apartment,3,AGRL Colony,2000,Ready to Move,Semi-Furnished,East,Resale,5417,4,5,10834000
Apartment,3,Isnapur,990,Ready to Move,Unfurnished,East,Resale,4280,2,5,4237200
Apartment,2,Osman Nagar,1300,Ready to Move,Unfurnished,West,Resale,8922,3,22,11598600
Villa,4,Rampally,2300,Ready to Move,Unfurnished,East,Resale,6596,,,15170800
Apartment,2,Himayatnagar,990,Ready to Move,Unfurnished,North,Resale,11893,5,5,11774070
Apartment,3,Nizampet,1400,Ready to Move,Furnished,West,Resale,9102,11,13,12742800
Apartment,2,Pedda Amberpet,1150,Ready to Move,Furnished,East,Resale,4083,5,6,4695450
Apartment,3,Banjara Hills,1600,Ready to Move,Semi-Furnished,North - East,Resale,10398,3,4,16636800
Apartment,3,Suchitra Road,1900,Ready to Move,Furnished,West,Resale,11795,4,14,22410500
Apartment,3,Punjagutta,1300,Ready to Move,Semi-Furnished,North,Resale,6667,4,5,8667100
Apartment,3,Nalagandla,1700,Ready to Move,Semi-Furnished,West,Resale,7778,1,20,13222600
Builder Floor,3,Gachibowli,1500,Ready to Move,Semi-Furnished,North - East,Resale,9218,2,5,13827000
Villa,4,Beeramguda Ramachandrapuram,2800,Ready to Move,Furnished,West,New Property,6000,,,16800000
Builder Floor,3,Secunderabad,2000,Ready to Move,Semi-Furnished,North,Resale,5760,1,5,11520000
Apartment,3,Pragathi Nagar,1386,Ready to Move,Unfurnished,East,Resale,6774,8,8,9388764
House,2,SBH Colony LB Nagar,800,Ready to Move,Furnished,North,Resale,27778,,,22222400
House,8,DD Colony,4000,Ready to Move,Semi-Furnished,West,Resale,11400,,,45600000
Apartment,2,Singareni Colony,1050,Ready to Move,Unfurnished,West,Resale,4870,3,4,5113500
Apartment,3,Tellapur,1226,Ready to Move,Unfurnished,West,Resale,7581,3,12,9294306
Apartment,3,Gopanpalle,1800,Ready to Move,Semi-Furnished,East,Resale,11351,2,5,20431800
House,3,Narendra Nagar Colony,1500,Ready to Move,Furnished,West,Resale,10341,,,15511500
Apartment,2,Pragathi Nagar,1953,Ready to Move,Semi-Furnished,North - East,Resale,22449,3,3,43842897
Apartment,2,Manikonda Jagir,1250,Ready to Move,Semi-Furnished,West,Resale,10606,10,10,13257500
Apartment,2,Kondapur,990,Ready to Move,Semi-Furnished,East,New Property,6872,1,4,6803280
Apartment,2,Bachupally,685,Ready to Move,Unfurnished,West,Resale,7658,7,33,5245730
Apartment,2,Sainikpuri,900,Ready to Move,Semi-Furnished,East,Resale,5940,2,5,5346000
Apartment,2,Hema Nagar,1050,Ready to Move,Semi-Furnished,East,Resale,5364,5,5,5632200
Apartment,3,Malkajgiri,1450,Ready to Move,Semi-Furnished,East,Resale,7333,4,5,10632850
Apartment,2,Bandlaguda Jagir,1100,Ready to Move,Unfurnished,West,New Property,5769,5,5,6345900
Apartment,3,Miyapur,1312,Ready to Move,Furnished,North,Resale,9130,5,5,11978560
Villa,5,Shamshabad,5100,Ready to Move,Furnished,North - East,Resale,13462,,,68656200
Apartment,4,Kavadiguda,3700,Ready to Move,Furnished,West,Resale,16000,3,14,59200000
Apartment,3,IDA Uppal,1600,Ready to Move,Unfurnished,East,Resale,7239,5,5,11582400
Apartment,3,Serilingampalle M,1581,Ready to Move,Unfurnished,West,Resale,13369,14,34,21136389
House,3,Nagole,2000,Ready to Move,Furnished,South - East,Resale,10227,,,20454000
Apartment,3,Serilingampalle M,1800,Ready to Move,Unfurnished,West,New Property,11634,25,39,20941200
Apartment,3,Pragathi Nagar,998,Ready to Move,Semi-Furnished,West,Resale,9740,9,9,9720520
Apartment,3,ALIND Employees Colony,1460,Ready to Move,Unfurnished,East,Resale,7671,5,5,11199660
Apartment,2,Venkata Ramana Colony Banjara Hills,1000,Ready to Move,Semi-Furnished,East,Resale,10000,3,3,10000000
Apartment,3,Yapral Main Road,1000,Ready to Move,Unfurnished,East,Resale,4646,3,4,4646000
Apartment,2,Rajendranagar Mandal,1000,Ready to Move,Unfurnished,West,Resale,6299,3,5,6299000
Apartment,4,Manikonda Jagir,3300,Ready to Move,Semi-Furnished,East,Resale,12001,27,32,39603300
Apartment,3,Kompally,1400,Ready to Move,Semi-Furnished,North - East,Resale,9028,1,5,12639200
Apartment,3,Kakatiya Hills Kavuri Hills,1650,Ready to Move,Furnished,North - East,Resale,9383,3,5,15481950
Apartment,3,Hafeezpet,1540,Ready to Move,Furnished,East,Resale,10714,5,5,16499560
Apartment,3,Balanagar,2155,Poss. by Sep '26,Unfurnished,West,Resale,8585,7,16,18500675
Villa,4,Kokapet,5200,Ready to Move,Semi-Furnished,East,Resale,25926,,,134815200
Apartment,3,Gachibowli,1886,Ready to Move,Semi-Furnished,Unknown,Resale,9544,6,18,17999984
Apartment,4,Kokapet,2100,Poss. by Dec '28,Unfurnished,East,New Property,11891,5,13,24971100
Apartment,3,Manchirevula,3080,Poss. by Jul '29,Unfurnished,West,Resale,7500,24,55,23100000
Apartment,3,Kollur,1855,Ready to Move,Unfurnished,East,Resale,6469,11,21,11999995
Apartment,2,Narsingi,1325,Ready to Move,Unfurnished,West,Resale,9811,6,14,12999575
Apartment,2,Kondapur,1295,Ready to Move,Furnished,West,Resale,14286,7,19,18500370
Apartment,2,TNGOS Colony,1100,Ready to Move,Semi-Furnished,East,Resale,10980,14,17,12078000
Apartment,3,Narsingi,2020,Ready to Move,Unfurnished,East,Resale,11881,31,40,23999620
Apartment,3,Nanakaramguda,2290,Poss. by Jul '28,Unfurnished,West,Resale,8200,20,40,18778000
Apartment,2,Kondapur,1225,Ready to Move,Unfurnished,East,New Property,8980,8,16,11000500
Apartment,3,Nanakaramguda,1600,Ready to Move,Furnished,East,Resale,10345,8,14,16552000
Villa,6,Velmala,4800,Poss. by Jan '27,Unfurnished,East,New Property,21000,,,100800000
Villa,4,Tellapur,3100,Poss. by Dec '26,Unfurnished,East,New Property,5625,,,17437500
Apartment,2,Nalagandla,1250,Ready to Move,Semi-Furnished,East,Resale,9921,6,14,12401250
Apartment,3,Hitech City,1600,Ready to Move,Furnished,North,Resale,11250,24,31,18000000
Apartment,3,Rajendranagar Mandal,2049,Poss. by Dec '26,Unfurnished,East,Resale,10005,8,42,20500245
Apartment,3,Narsingi,1386,Ready to Move,Unfurnished,East,Resale,9505,9,35,13173930
Villa,4,Kollur,3600,Ready to Move,Unfurnished,West,New Property,14167,,,51001200
Apartment,3,Nanakaramguda,1670,Ready to Move,Unfurnished,East,New Property,12994,20,44,21699980
Apartment,2,Adarsh Nagar Uppal,750,Ready to Move,Semi-Furnished,East,Resale,6667,1,9,5000250
Apartment,3,Yapral,1500,Ready to Move,Semi-Furnished,Unknown,Resale,7333,1,5,10999500
Apartment,2,Gowdavalli,1020,Ready to Move,Unfurnished,West,New Property,4706,3,5,4800120
Villa,3,Tukkuguda,2560,Ready to Move,Unfurnished,North - West,Resale,7500,,,19200000
Apartment,3,Tellapur,1578,Ready to Move,Unfurnished,East,Resale,10021,27,40,15813138
Villa,3,Secunderabad,1940,Ready to Move,Furnished,West,Resale,11667,,,22633980
Villa,4,Yapral,3800,Ready to Move,Furnished,North - West,Resale,11842,,,44999600
Villa,3,Bachupally,1850,Ready to Move,Semi-Furnished,West,Resale,9730,,,18000500
Apartment,3,Gandipet,1550,Ready to Move,Unfurnished,East,Resale,11170,1,10,17313500
Apartment,4,Sanjeeva Reddy Nagar,3600,Ready to Move,Semi-Furnished,West,Resale,11111,3,4,39999600
Apartment,3,Kollur,1620,Poss. by Sep '26,Unknown,East,Resale,7022,7,14,11375640
Apartment,3,Puppalguda,1500,Ready to Move,Unfurnished,North,Resale,12558,12,32,18837000
House,4,Gundlapochampally,2590,Ready to Move,Semi-Furnished,East,Resale,13514,,,35001260
Apartment,3,Tellapur,2208,Ready to Move,Unfurnished,West,Resale,11775,26,32,25999200
Apartment,2,Kollur,891,Poss. by Dec '27,Unfurnished,East,New Property,7042,6,32,6274422
Apartment,3,Jeedimetla,1650,Ready to Move,Furnished,East,Resale,7758,3,9,12800700
Apartment,3,Kokapet,1810,Ready to Move,Unfurnished,East,Resale,11602,16,19,20999620
Villa,4,Bhanur,2500,Ready to Move,Unfurnished,West,New Property,7480,,,18700000
Apartment,2,Kollur,1250,Ready to Move,Unfurnished,West,Resale,6640,15,17,8300000
Apartment,3,Financial District,1160,Ready to Move,Unfurnished,East,Resale,12036,4,44,13961760
Apartment,3,Kollur,2165,Poss. by Dec '26,Unfurnished,East,Resale,8314,5,15,17999810
Apartment,2,Kokapet,1048,Ready to Move,Unfurnished,East,Resale,10305,7,9,10799640
Apartment,3,Hafeezpet,1050,Ready to Move,Furnished,West,Resale,8054,1,14,8456700
Villa,4,Tukkuguda,4240,Poss. by Dec '26,Unfurnished,East,New Property,8844,,,37498560
Apartment,2,Serilingampalle M,1138,Ready to Move,Unfurnished,East,New Property,9821,17,50,11176298
Apartment,2,Madeenaguda,1100,Ready to Move,Semi-Furnished,East,Resale,7273,3,5,8000300
Apartment,3,Phase 4 KPHB,1860,Ready to Move,Furnished,East,New Property,15054,20,32,28000440
Apartment,3,Narsingi,2020,Ready to Move,Unfurnished,West,Resale,11634,7,39,23500680
Apartment,2,Kompally,1334,Ready to Move,Unfurnished,East,Resale,7121,8,11,9499414
Apartment,3,Manikonda Jagir,2100,Ready to Move,Semi-Furnished,East,Resale,10455,15,15,21955500
Apartment,2,Kukatpally,1135,Ready to Move,Semi-Furnished,West,Resale,7445,12,18,8450075
Apartment,3,Serilingampalle M,2540,Ready to Move,Unfurnished,East,Resale,10630,7,50,27000200
Apartment,3,Bachupally,1353,Ready to Move,Unfurnished,East,Resale,8130,22,33,10999890
Apartment,3,Velmala,1835,Poss. by Dec '26,Unfurnished,West,Resale,6267,6,17,11499945
Apartment,3,Miyapur,1225,Ready to Move,Semi-Furnished,North,Resale,8100,5,5,9922500
Villa,5,Rameshwar Banda,4173,Poss. by Jan '27,Unfurnished,North - West,Resale,6590,,,27500070
Villa,3,Mayuri Nagar Bachupally,2400,Ready to Move,Semi-Furnished,West,Resale,12901,,,30962400
Apartment,4,Kokapet,2530,Poss. by Oct '26,Unfurnished,West,New Property,11300,16,35,28589000
Apartment,3,Narsingi,1700,Ready to Move,Furnished,East,Resale,11176,8,12,18999200
Apartment,3,Bachupally,1635,Ready to Move,Unfurnished,West,Resale,5443,4,5,8899305
Apartment,3,Kukatpally,1350,Ready to Move,Semi-Furnished,North,Resale,9038,13,17,12201300
House,4,Jubilee Hills,6500,Poss. by Jun '27,Unfurnished,East,Resale,17500,,,113750000
Apartment,3,Miyapur,1880,Ready to Move,Unfurnished,West,Resale,9043,6,35,17000840
Villa,4,Patancheru Shankarpalli Road,3413,Ready to Move,Unfurnished,North - East,Resale,7032,,,24000216
Apartment,3,Hitech City,2500,Ready to Move,Furnished,East,Resale,13770,2,9,34425000
Apartment,3,Kokapet,1860,Poss. by Sep '26,Unfurnished,West,Resale,11000,9,9,20460000
Apartment,3,HMT Colony Miyapur,639,Ready to Move,Furnished,East,Resale,9625,8,12,6150375
Apartment,3,Hyder Shah Kote,1600,Ready to Move,Furnished,West,Resale,5128,4,5,8204800
Apartment,3,Kondapur,1190,Ready to Move,Furnished,East,Resale,10087,3,5,12003530
House,2,Bharat Nagar Kowkoor,2400,Ready to Move,Furnished,South,Resale,7500,,,18000000
Apartment,2,Hyder Nagar,1345,Ready to Move,Unfurnished,West,New Property,9294,10,14,12500430
Villa,5,Tellapur,4225,Poss. by Mar '27,Unfurnished,East,Resale,19172,,,81001700
Apartment,4,Kondapur,2300,Poss. by May '28,Unfurnished,Unknown,Resale,10141,21,47,23324300
Apartment,3,Balanagar,1700,Ready to Move,Unfurnished,East,Resale,9118,6,16,15500600
Apartment,3,Punjagutta Officers Colony,2000,Ready to Move,Furnished,West,Resale,9000,2,3,18000000
Villa,4,Bhanur,2700,Poss. by Jul '27,Furnished,East,Resale,6667,,,18000900
Apartment,3,Rajendranagar Mandal,1898,Poss. by Dec '27,Unfurnished,Unknown,Resale,9484,13,41,18000632
House,3,APHB Colony Moula Ali,3200,Ready to Move,Semi-Furnished,North - East,Resale,9250,,,29600000
House,10,Manikonda Jagir,7000,Ready to Move,Furnished,East,Resale,9286,1,5,65002000
Apartment,3,Hafeezpet,1425,Poss. by Sep '26,Unfurnished,East,Resale,8772,5,14,12500100
Apartment,2,Narsingi,1375,Ready to Move,Unfurnished,East,Resale,7273,4,5,10000375
Apartment,3,Kondapur,2225,Ready to Move,Semi-Furnished,East,Resale,11461,3,9,25500725
Apartment,2,Lingampally Road,790,Ready to Move,Unfurnished,West,Resale,6235,2,4,4925650
Apartment,3,Shaikpet,1875,Ready to Move,Semi-Furnished,Unknown,Resale,9600,8,22,18000000
Villa,4,Gandipet,2800,Ready to Move,Unfurnished,East,New Property,15000,,,42000000
Villa,4,Mokila,3200,Ready to Move,Unfurnished,West,New Property,12993,,,41577600
Villa,4,Gachibowli,4000,Ready to Move,Unfurnished,West,Resale,22241,,,88964000
Apartment,3,Narsingi,2180,Ready to Move,Furnished,East,Resale,11927,2,2,26000860
Apartment,3,Pocharam,1455,Ready to Move,Unfurnished,Unknown,Resale,3986,4,4,5799630
House,4,Sainathapuram,2000,Ready to Move,Unfurnished,East,Resale,6227,,,12454000
Apartment,4,Manikonda Jagir,3141,Ready to Move,Furnished,East,Resale,12289,31,38,38599749
Apartment,3,Narepally,1535,Ready to Move,Unfurnished,East,New Property,5200,3,5,7982000
Apartment,3,Miyapur,1880,Ready to Move,Unfurnished,East,New Property,9574,29,35,17999120
Apartment,3,Jubilee Hills,2400,Ready to Move,Unfurnished,West,New Property,14898,5,5,35755200
Apartment,3,Kondapur,1400,Ready to Move,Semi-Furnished,East,New Property,8125,4,5,11375000
Villa,4,Puppalguda,5500,Ready to Move,Furnished,West,Resale,43636,,,239998000
Villa,5,Gopanpally,4500,Ready to Move,Unfurnished,West,Resale,19316,,,86922000
Apartment,4,Hitech City,4070,Ready to Move,Furnished,West,Resale,28501,22,35,115999070
Apartment,2,Gachibowli,1068,Ready to Move,Semi-Furnished,East,Resale,7397,1,10,7899996
Apartment,4,Puppalguda,5085,Poss. by Mar '29,Unfurnished,East,New Property,9833,15,60,50000805
Villa,4,Hill County,3100,Ready to Move,Semi-Furnished,North,Resale,21774,,,67499400
Apartment,4,Jubilee Hills,6358,Ready to Move,Unfurnished,North,Resale,20447,6,11,130002026
Villa,4,Gandi Maisamma,2280,Ready to Move,Semi-Furnished,East,New Property,8000,,,18240000
Apartment,3,Kowkoor,1690,Ready to Move,Semi-Furnished,North,Resale,7101,3,5,12000690
House,4,Dundigal,3839,Ready to Move,Unfurnished,West,New Property,6500,,,24953500
Apartment,1,Miyapur,607,Ready to Move,Unfurnished,Unknown,Resale,6096,6,14,3700272
Apartment,3,Himayatnagar,1100,Ready to Move,Unfurnished,North - East,New Property,9500,6,7,10450000
Apartment,3,Shivrampalli Village,890,Ready to Move,Semi-Furnished,East,Resale,9074,7,10,8075860
Villa,3,Tukkuguda,2400,Ready to Move,Unfurnished,West,Resale,10298,,,24715200
Apartment,4,Hitech City,2700,Ready to Move,Semi-Furnished,West,Resale,24570,18,35,66339000
Apartment,2,Tellapur,1000,Ready to Move,Unfurnished,East,New Property,7500,2,5,7500000
Villa,4,Pedda Amberpet,2700,Poss. by Dec '26,Unfurnished,West,Resale,10103,,,27278100
Apartment,3,Nalagandla,1710,Ready to Move,Unfurnished,East,Resale,12398,20,26,21200580
House,4,Jubilee Hills,5999,Ready to Move,Furnished,North - West,New Property,108333,,,649889667
Apartment,3,Izzathnagar,2200,Ready to Move,Unfurnished,Unknown,New Property,15000,35,40,33000000
Apartment,3,Osman Nagar,1836,Ready to Move,Unfurnished,Unknown,Resale,9477,9,22,17399772
Villa,4,Kompally,3500,Ready to Move,Unfurnished,West,New Property,8999,,,31496500
Apartment,3,Rajendranagar Mandal,1026,Poss. by Mar '29,Unfurnished,East,New Property,6260,12,40,6422760
Apartment,3,Shivam Road,1460,Ready to Move,Unfurnished,North,New Property,9247,3,5,13500620
Apartment,3,Old MLA Quarters,1600,Poss. by Dec '26,Unfurnished,East,Resale,9500,3,5,15200000
Apartment,3,Nanakaramguda,2160,Ready to Move,Semi-Furnished,East,Resale,12037,21,26,25999920
Villa,3,Gangaram Maheshwaram,2250,Ready to Move,Furnished,West,New Property,6760,,,15210000
Villa,4,Kollur,3360,Poss. by Nov '26,Unfurnished,West,New Property,9479,,,31849440
Apartment,4,Manikonda Jagir,3150,Ready to Move,Semi-Furnished,Unknown,Resale,11111,5,36,34999650
Apartment,2,Pocharam,950,Ready to Move,Unfurnished,East,New Property,4778,3,5,4539100
Villa,3,Satamrai,1900,Ready to Move,Unfurnished,East,New Property,13873,,,26358700
Apartment,3,Thumkunta,1485,Ready to Move,Semi-Furnished,East,Resale,4680,4,5,6949800
Apartment,2,Somajiguda,1280,Ready to Move,Semi-Furnished,West,Resale,6094,4,6,7800320
Villa,3,Patancheruvu,2100,Poss. by Sep '26,Unfurnished,East,New Property,6667,,,14000700
Villa,3,Gopanpalle,2927,Ready to Move,Semi-Furnished,East,Resale,17424,,,51000048
Apartment,2,Adibatla,1110,Ready to Move,Semi-Furnished,Unknown,Resale,3333,5,8,3699630
House,4,Ameenpur,1600,Ready to Move,Unfurnished,East,Resale,5135,,,8216000
Villa,3,Gundlapochampally,2280,Ready to Move,Furnished,East,Resale,8772,,,20000160
Apartment,3,Venkat Nagar Banjara Hills,2753,Ready to Move,Semi-Furnished,East,Resale,15256,2,2,41999768
Apartment,3,Tellapur,2650,Ready to Move,Unfurnished,West,Resale,9811,5,39,25999150
Apartment,2,Tellapur,1265,Ready to Move,Semi-Furnished,East,Resale,10672,3,14,13500080
Apartment,2,Narsingi,1200,Ready to Move,Unfurnished,Unknown,Resale,5833,4,5,6999600
Apartment,2,Ameenpur Road,1085,Ready to Move,Unfurnished,Unknown,Resale,5346,2,5,5800410
Apartment,3,Kondapur,2445,Ready to Move,Semi-Furnished,West,New Property,11452,18,35,28000140
Apartment,3,Kothaguda,2100,Ready to Move,Semi-Furnished,West,Resale,10357,7,7,21749700
Apartment,4,Basheer Bagh,2900,Ready to Move,Unfurnished,East,Resale,6552,5,5,19000800
Apartment,3,Masjid Banda,1810,Ready to Move,Semi-Furnished,East,Resale,8661,10,27,15676410
Apartment,2,Kondapur,899,Ready to Move,Semi-Furnished,East,Resale,14341,7,25,12892559
Apartment,3,Suchitra Road,2057,Ready to Move,Semi-Furnished,West,Resale,6050,10,12,12444850
Apartment,3,Miyapur,1940,Poss. by Oct '26,Unfurnished,West,Resale,8505,26,46,16499700
Apartment,3,Osman Nagar,2280,Ready to Move,Unfurnished,West,Resale,7456,10,15,16999680
Apartment,2,Puppalguda,902,Poss. by Oct '26,Unfurnished,East,New Property,10646,27,36,9602692
Apartment,3,Bachupally,930,Ready to Move,Unfurnished,East,Resale,8130,9,40,7560900
Apartment,2,Serilingampalle M,1537,Ready to Move,Unfurnished,West,Resale,9434,15,50,14500058
Apartment,3,Alwal,1545,Poss. by Sep '26,Unfurnished,East,Resale,4515,3,5,6975675
Apartment,3,Kondapur,2550,Ready to Move,Unfurnished,West,Resale,10588,2,19,26999400
Apartment,3,Kukatpally,1661,Poss. by Sep '26,Unfurnished,North - East,Resale,8429,32,33,14000569
Apartment,3,Puppalguda,1905,Unknown,Unfurnished,East,Resale,12000,34,36,22860000
Apartment,3,Puppalguda,1128,Ready to Move,Unfurnished,West,Resale,12722,22,32,14350416
Apartment,2,Hyder Nagar,1345,Ready to Move,Unfurnished,West,Resale,10037,10,14,13499765
Villa,4,Tellapur,3005,Ready to Move,Unfurnished,East,Resale,12646,,,38001230
Apartment,3,LB Nagar,1535,Ready to Move,Unfurnished,East,Resale,7166,5,13,10999810
Apartment,3,Puppalguda,1520,Ready to Move,Unfurnished,East,Resale,13292,15,32,20203840
Apartment,2,Alkapur Township,1446,Ready to Move,Unfurnished,West,Resale,7953,12,16,11500038
Apartment,3,Nagole,1840,Unknown,Unfurnished,West,Resale,6793,6,8,12499120
Apartment,2,Abhudaya Nagar Colony,1405,Ready to Move,Unfurnished,Unknown,Resale,6975,3,15,9799875
Apartment,3,Nagole,1650,Ready to Move,Unfurnished,Unknown,New Property,6643,3,7,10960950
Villa,5,Hitech City,3600,Poss. by Jul '27,Unfurnished,East,New Property,12083,,,43498800
Apartment,3,Financial District,2220,Ready to Move,Unfurnished,West,Resale,11261,14,39,24999420
Apartment,3,Kondapur,1350,Ready to Move,Unfurnished,East,Resale,10137,10,34,13684950
Apartment,2,Osman Nagar,1357,Ready to Move,Unfurnished,East,Resale,9948,15,22,13499436
Apartment,3,Khajaguda,1500,Ready to Move,Semi-Furnished,East,Resale,7485,12,12,11227500
Apartment,3,Nalagandla,1275,Ready to Move,Semi-Furnished,East,Resale,12042,7,26,15353550
Apartment,3,Bandari Layout,1540,Ready to Move,Furnished,North - East,Resale,5999,3,5,9238460
Apartment,2,HUDA Layout Nalagandla,798,Ready to Move,Unfurnished,Unknown,Resale,14113,26,26,11262174
Apartment,3,Miyapur,1360,Ready to Move,Unfurnished,West,New Property,8767,31,47,11923120
Apartment,3,Uppal,1505,Poss. by Aug '26,Unknown,East,Resale,11628,7,14,17500140
Apartment,3,Hitech City,2270,Unknown,Unfurnished,West,Resale,11013,25,32,24999510
Villa,4,Kollur,3792,Ready to Move,Unfurnished,East,Resale,11076,,,42000192
Apartment,5,Serilingampalle M,5136,Ready to Move,Unfurnished,East,Resale,11538,38,40,59259168
Apartment,3,Financial District,1556,Ready to Move,Unfurnished,West,New Property,11036,7,39,17172016
Apartment,3,Bachupally,1965,Poss. by Dec '26,Unfurnished,North,Resale,4987,5,5,9799455
Apartment,3,Puppalguda,1712,Unknown,Unfurnished,North,Resale,12500,6,34,21400000
Apartment,2,Patancheruvu,1170,Ready to Move,Unfurnished,West,Resale,4359,4,5,5100030
Villa,4,Financial District,5500,Ready to Move,Unfurnished,West,New Property,30909,,,169999500
Apartment,2,Patancheruvu,910,Poss. by Nov '26,Unfurnished,West,Resale,6174,3,5,5618340
Apartment,3,Jaya Prakash Narayan Nagar,1688,Ready to Move,Unfurnished,East,Resale,9834,25,48,16599792
Apartment,4,Bachupally,1274,Ready to Move,Unfurnished,East,New Property,9143,33,33,11648182
Apartment,2,Osman Nagar,1140,Ready to Move,Unfurnished,West,Resale,8400,6,9,9576000
Apartment,3,Serilingampalle M,1794,Unknown,Semi-Furnished,West,Resale,7525,6,19,13499850
Apartment,2,Narsingi,1250,Ready to Move,Semi-Furnished,East,Resale,7819,1,5,9773750
Apartment,3,Shaikpet,1495,Ready to Move,Semi-Furnished,West,Resale,14047,11,18,21000265
Apartment,4,Kondapur,2500,Ready to Move,Furnished,Unknown,Resale,8594,5,5,21485000
Apartment,3,Shaikpet,1571,Ready to Move,Semi-Furnished,West,Resale,8275,5,5,13000025
Apartment,2,Gajularamaram,1090,Ready to Move,Furnished,North - East,New Property,7609,6,7,8293810
Apartment,3,Mallampet,1550,Ready to Move,Semi-Furnished,East,Resale,5290,3,5,8199500
Villa,4,Kollur,4255,Ready to Move,Unfurnished,West,Resale,15600,,,66378000
Apartment,2,AS Rao Nagar,1053,Ready to Move,Unfurnished,East,Resale,4000,4,5,4212000
Apartment,3,P Janardhan Reddy Nagar,2300,Ready to Move,Semi-Furnished,East,Resale,10581,1,19,24336300
Apartment,3,Kollur,1600,Ready to Move,Unfurnished,West,Resale,6353,9,14,10164800
Apartment,3,Kakatiya Hills Kavuri Hills,1400,Ready to Move,Semi-Furnished,South,Resale,9517,2,4,13323800
Apartment,3,Narsingi,1800,Ready to Move,Semi-Furnished,East,Resale,13086,29,30,23554800
Apartment,3,Nizampet,1480,Ready to Move,Semi-Furnished,West,Resale,7619,1,5,11276120
Apartment,3,Lingampally Serilingampalle,1605,Ready to Move,Unfurnished,West,Resale,8972,23,50,14400060
Apartment,2,Puppalguda,1250,Ready to Move,Semi-Furnished,North,Resale,10000,5,5,12500000
Apartment,3,Puppalguda,1700,Ready to Move,Unfurnished,East,Resale,14786,8,31,25136200
Apartment,3,Malkajgiri,1100,Ready to Move,Unfurnished,North - East,Resale,3167,4,4,3483700
Apartment,3,Moti Nagar Erragadda,1542,Ready to Move,Furnished,East,Resale,11712,6,15,18059904
Apartment,2,Bowrampet,1275,Ready to Move,Unfurnished,West,Resale,5490,3,10,6999750
Apartment,2,Basti Nabi Kareem,1016,Ready to Move,Semi-Furnished,North,Resale,7310,1,5,7426960
Villa,4,Kapra,2844,Ready to Move,Semi-Furnished,East,Resale,9845,,,27999180
Apartment,2,Rethibowli,810,Ready to Move,Unfurnished,South,Resale,5000,2,5,4050000
Apartment,3,Kondapur,1945,Ready to Move,Unfurnished,East,Resale,9512,21,28,18500840
Apartment,3,Chanda Nagar,1650,Ready to Move,Unfurnished,East,Resale,8000,3,12,13200000
Apartment,3,Quthbullapur,1796,Ready to Move,Unfurnished,West,New Property,5750,4,6,10327000
Villa,5,Gandipet,4700,Ready to Move,Semi-Furnished,East,Resale,27800,,,130660000
Villa,4,Shankarpally Road,4505,Ready to Move,Unfurnished,East,New Property,11000,,,49555000
Villa,4,Narsinghi,3650,Ready to Move,Unfurnished,West,New Property,21111,,,77055150
Apartment,3,Financial District,2700,Ready to Move,Unfurnished,West,Resale,10556,5,14,28501200
Apartment,2,Pragathi Nagar,1103,Poss. by Jan '27,Semi-Furnished,West,New Property,6249,3,5,6892647
Villa,5,Tellapur,5400,Poss. by Dec '26,Unfurnished,East,Resale,14630,,,79002000
Apartment,2,Gundlapochampalli,990,Poss. by Jun '28,Unfurnished,East,New Property,6200,5,13,6138000
Apartment,2,Anand Nagar Colony Kondapur,1161,Ready to Move,Semi-Furnished,West,Resale,7752,4,5,9000072
Apartment,2,Adibatla,760,Ready to Move,Unfurnished,East,Resale,3539,3,8,2689640
Apartment,3,Kollur,1790,Poss. by Jun '29,Unfurnished,East,New Property,4749,10,35,8500710
Apartment,2,Puppalguda,1050,Poss. by Nov '26,Semi-Furnished,West,New Property,6000,3,5,6300000
House,3,Kokapet,1798,Poss. by Aug '30,Unfurnished,Unknown,New Property,9316,,,16750168
Apartment,3,Tellapur,2083,Ready to Move,Furnished,Unknown,Resale,10082,7,9,21000806
Villa,3,Mokila,2400,Ready to Move,Furnished,Unknown,Resale,15625,,,37500000
Apartment,3,Gundlapochampally,1182,Ready to Move,Furnished,Unknown,Resale,10064,10,15,11895648
House,3,Kowkoor,2850,Ready to Move,Unfurnished,West,New Property,4833,,,13774050
Apartment,2,Kutbi Guda,739,Ready to Move,Unfurnished,North,Resale,5000,7,10,3695000
House,7,Kistamma Enclave,2000,Ready to Move,Unfurnished,East,Resale,14787,,,29574000
Apartment,2,Peerzadiguda,1030,Ready to Move,Semi-Furnished,Unknown,Resale,6626,4,5,6824780
Apartment,3,Sun City,1400,Ready to Move,Unfurnished,East,Resale,5733,3,5,8026200
Apartment,3,Kousalya Colony,1540,Ready to Move,Unfurnished,West,Resale,5195,2,4,8000300
Apartment,3,LB Nagar,2300,Ready to Move,Unfurnished,East,Resale,6207,2,4,14276100
Apartment,3,Gajularamaram,1400,Ready to Move,Semi-Furnished,Unknown,Resale,5552,2,5,7772800
Apartment,3,Moti Nagar Erragadda,1250,Ready to Move,Semi-Furnished,Unknown,Resale,7120,,,8900000
Apartment,3,Gachibowli,2365,Ready to Move,Semi-Furnished,Unknown,Resale,10994,3,20,26000810
Apartment,2,Saleem Nagar Colony,900,Ready to Move,Semi-Furnished,East,Resale,5949,3,5,5354100
Villa,3,Indresham,1710,Ready to Move,Furnished,Unknown,Resale,6725,,,11499750
Villa,4,Khajaguda,4500,Ready to Move,Unfurnished,West,Resale,25896,,,116532000
Apartment,2,Adarsh Nagar Uppal,1190,Ready to Move,Unfurnished,East,New Property,6608,4,5,7863520
Apartment,3,modi platimum hyderabad,1500,Ready to Move,Furnished,Unknown,Resale,7333,10,10,10999500
House,6,Gajularamaram,3808,Ready to Move,Furnished,West,Resale,5978,,,22764224
Apartment,3,Kondapur,1865,Ready to Move,Semi-Furnished,West,Resale,9008,2,5,16799920
Apartment,3,Gangaram Chanda Nagar,1521,Ready to Move,Unfurnished,East,Resale,7688,3,5,11693448
Apartment,3,BN Reddy Nagar,1900,Ready to Move,Unfurnished,North,Resale,5500,2,4,10450000
Villa,4,Patancheruvu,2520,Ready to Move,Semi-Furnished,East,Resale,9048,,,22800960
Apartment,3,Whitefields,1247,Ready to Move,Semi-Furnished,East,Resale,10160,2,8,12669520
Builder Floor,2,Gaman residency,925,Ready to Move,Semi-Furnished,Unknown,Resale,5946,1,5,5500050
Apartment,3,Kondapur,1981,Ready to Move,Unfurnished,East,New Property,11106,3,15,22000986
Apartment,3,Shaikpet,1990,Ready to Move,Unfurnished,Unknown,Resale,10553,7,22,21000470
Apartment,3,Gachibowli,1674,Ready to Move,Semi-Furnished,East,Resale,12443,14,14,20829582
Apartment,2,Pocharam,1100,Ready to Move,Unfurnished,East,Resale,5725,13,14,6297500
Apartment,3,Hitech City,2100,Ready to Move,Unfurnished,Unknown,Resale,11429,30,31,24000900
Villa,3,Mokila,2250,Ready to Move,Unfurnished,East,New Property,13117,,,29513250
Apartment,2,Badangpet,950,Ready to Move,Unfurnished,West,Resale,5300,2,3,5035000
Apartment,2,Kowkoor,925,Ready to Move,Semi-Furnished,West,Resale,3568,3,5,3300400
Villa,4,Narsingi,4572,Poss. by Jun '27,Unfurnished,East,Resale,28434,,,130000248
Apartment,3,Block C Sri Ramnagar,1800,Ready to Move,Unfurnished,West,Resale,9647,22,29,17364600
